{
    "type": "minecraft:entity",
    "pools": [
      {
        "rolls": 1,
        "entries": [
          {
            "type": "minecraft:loot_table",
            "name": "epa:item/focusing_tome"
          }
        ]
      },
      {
        "rolls": {
          "min": 1,
          "max": 2
        },
        "entries": [
          {
            "type": "minecraft:item",
            "name": "minecraft:bone"
          }
        ]
      },
      {
        "rolls": 1,
        "entries": [
          {
            "type": "minecraft:item",
            "name": "minecraft:barrier",
            "functions": [
              {
                "function": "minecraft:set_nbt",
                "tag": "{epa:{technical:\"epa:summon_soul\"}}"
              }
            ]
          }
        ],
        "conditions": [
          {
            "condition": "minecraft:killed_by_player"
          },
          {
            "condition": "minecraft:damage_source_properties",
            "predicate": {
              "source_entity": {
                "equipment": {
                  "mainhand": {
                    "nbt": "{epa:{id:\"epa:runic_dagger\"}}"
                  }
                }
              }
            }
          }
        ]
      }
    ]
  }
  