{
    "type": "minecraft:entity",
    "pools": [
      {
        "rolls": 1,
        "entries": [
          {
            "type": "minecraft:item",
            "name": "minecraft:bone",
            "functions": [
              {
                "function": "minecraft:set_count",
                "count": {
                  "min": 1,
                  "max": 3
                }
              }
            ]
          }
        ]
      },
      {
        "rolls": 1,
        "entries": [
          {
            "type": "minecraft:item",
            "name": "minecraft:barrier",
            "functions": [
              {
                "function": "minecraft:set_nbt",
                "tag": "{epa:{technical:\"epa:summon_soul\"}}"
              }
            ]
          }
        ],
        "conditions": [
          {
            "condition": "minecraft:killed_by_player"
          },
          {
            "condition": "minecraft:damage_source_properties",
            "predicate": {
              "source_entity": {
                "equipment": {
                  "mainhand": {
                    "nbt": "{epa:{id:\"epa:runic_dagger\"}}"
                  }
                }
              }
            }
          }
        ]
      }
    ]
  }
  