{
    "pools": [
      {
        "rolls": 1,
        "entries": [
          {
            "type": "minecraft:loot_table",
            "name": "epa:item/runic_enchanter",
            "functions": [
              {
                "function": "minecraft:set_count",
                "count": {
                  "type": "minecraft:score",
                  "target": {
                    "type": "minecraft:fixed",
                    "name": "$loot_count"
                  },
                  "score": "epa.loot_count"
                }
              }
            ]
          }
        ]
      }
    ]
  }