{
	"credit": "Made with Blockbench",
	"texture_size": [176, 176],
	"textures": {
		"0": "epa:gui/runic_enchanter/focus_power",
		"particle": "epa:gui/runic_enchanter/focus_power"
	},
	"elements": [
		{
			"from": [-16, -16, 0],
			"to": [32, 32, 0],
			"faces": {
				"north": {"uv": [0, 0, 16, 16], "texture": "#0"},
				"east": {"uv": [0, 0, 0, 1.45455], "texture": "#missing"},
				"west": {"uv": [0, 0, 0, 1.45455], "texture": "#missing"},
				"up": {"uv": [0, 0, 1.45455, 0], "texture": "#missing"},
				"down": {"uv": [0, 0, 1.45455, 0], "texture": "#missing"}
			}
		}
	],
	"gui_light": "front",
	"display": {
		"gui": {
			"rotation": [0, -180, 0],
			"translation": [-71.864, -44.041, 0],
			"scale": [3.66, 3.66, 3.66]
		}
	}
}