{
    "criteria": {
      "requirement": {
        "trigger": "minecraft:item_used_on_block",
        "conditions": {
          "item": {
            "items": [
              "minecraft:flint_and_steel",
              "minecraft:fire_charge"
            ]
          },
          "location": {
            "block": {
              "blocks": [
                "minecraft:red_candle"
              ]
            }
          }
        }
      }
    },
    "rewards": {
      "function": "epa:block/altar/candle_check"
    }
  }
  