{
	"credit": "Made with Blockbench",
	"texture_size": [64, 64],
	"textures": {
		"0": "epa:entity/banshee_hurt",
		"particle": "epa:entity/banshee_hurt"
	},
	"elements": [
		{
			"from": [5, -16, 7],
			"to": [7, -4, 9],
			"rotation": {"angle": 0, "axis": "y", "origin": [0, -16, 0]},
			"faces": {
				"north": {"uv": [1, 4.5, 0.5, 7.5], "texture": "#0"},
				"east": {"uv": [1.5, 4.5, 1, 7.5], "texture": "#0"},
				"south": {"uv": [2, 4.5, 1.5, 7.5], "texture": "#0"},
				"west": {"uv": [0.5, 4.5, 0, 7.5], "texture": "#0"},
				"up": {"uv": [1, 4, 0.5, 4.5], "texture": "#0"},
				"down": {"uv": [1, 4, 1.5, 4.5], "texture": "#0"}
			}
		},
		{
			"from": [-8, 6, 7],
			"to": [4, 8, 9],
			"rotation": {"angle": -45, "axis": "z", "origin": [4, 6, 8]},
			"faces": {
				"north": {"uv": [11, 4.5, 10.5, 7.5], "rotation": 270, "texture": "#0"},
				"east": {"uv": [10.5, 4, 11, 4.5], "texture": "#0"},
				"south": {"uv": [11.5, 7.5, 12, 4.5], "rotation": 270, "texture": "#0"},
				"west": {"uv": [11, 4.5, 11.5, 4], "texture": "#0"},
				"up": {"uv": [10, 7.5, 10.5, 4.5], "rotation": 270, "texture": "#0"},
				"down": {"uv": [11, 7.5, 11.5, 4.5], "rotation": 270, "texture": "#0"}
			}
		},
		{
			"from": [-4, 8.25, 6.75],
			"to": [3.5, 8.25, 9.25],
			"rotation": {"angle": -45, "axis": "z", "origin": [4, 6, 8]},
			"faces": {
				"north": {"uv": [11, 4.5, 10.5, 7.5], "rotation": 270, "texture": "#0"},
				"east": {"uv": [10.5, 4, 11, 4.5], "texture": "#0"},
				"south": {"uv": [11.5, 7.5, 12, 4.5], "rotation": 270, "texture": "#0"},
				"west": {"uv": [11, 4.5, 11.5, 4], "texture": "#0"},
				"up": {"uv": [14.75, 15, 13, 15.5], "rotation": 180, "texture": "#0"},
				"down": {"uv": [14.75, 15.5, 13, 15], "rotation": 180, "texture": "#0"}
			}
		},
		{
			"from": [-4, 6, 6.75],
			"to": [3.5, 8.25, 6.75],
			"rotation": {"angle": -45, "axis": "z", "origin": [4, 6, 8]},
			"faces": {
				"north": {"uv": [14.75, 15.5, 13, 16], "texture": "#0"},
				"east": {"uv": [10.5, 4, 11, 4.5], "texture": "#0"},
				"south": {"uv": [13, 15.5, 14.75, 16], "texture": "#0"},
				"west": {"uv": [11, 4.5, 11.5, 4], "texture": "#0"},
				"up": {"uv": [10, 7.5, 10.5, 4.5], "rotation": 270, "texture": "#0"},
				"down": {"uv": [11, 7.5, 11.5, 4.5], "rotation": 270, "texture": "#0"}
			}
		},
		{
			"from": [-4, 6, 9.25],
			"to": [3.5, 8.25, 9.25],
			"rotation": {"angle": -45, "axis": "z", "origin": [4, 6, 8]},
			"faces": {
				"north": {"uv": [13, 14.5, 14.75, 15], "rotation": 180, "texture": "#0"},
				"east": {"uv": [10.5, 4, 11, 4.5], "texture": "#0"},
				"south": {"uv": [14.75, 14.5, 13, 15], "rotation": 180, "texture": "#0"},
				"west": {"uv": [11, 4.5, 11.5, 4], "texture": "#0"},
				"up": {"uv": [10, 7.5, 10.5, 4.5], "rotation": 270, "texture": "#0"},
				"down": {"uv": [11, 7.5, 11.5, 4.5], "rotation": 270, "texture": "#0"}
			}
		},
		{
			"from": [9, -16, 7],
			"to": [11, -4, 9],
			"rotation": {"angle": 0, "axis": "y", "origin": [0, -16, 0]},
			"faces": {
				"north": {"uv": [0.5, 4.5, 1, 7.5], "texture": "#0"},
				"east": {"uv": [0, 4.5, 0.5, 7.5], "texture": "#0"},
				"south": {"uv": [1.5, 4.5, 2, 7.5], "texture": "#0"},
				"west": {"uv": [1, 4.5, 1.5, 7.5], "texture": "#0"},
				"up": {"uv": [0.5, 4, 1, 4.5], "texture": "#0"},
				"down": {"uv": [1.5, 4, 1, 4.5], "texture": "#0"}
			}
		},
		{
			"from": [12, 6, 7],
			"to": [24, 8, 9],
			"rotation": {"angle": 45, "axis": "z", "origin": [12, 6, 8]},
			"faces": {
				"north": {"uv": [10.5, 4.5, 11, 7.5], "rotation": 90, "texture": "#0"},
				"east": {"uv": [11.5, 4, 11, 4.5], "rotation": 90, "texture": "#0"},
				"south": {"uv": [12, 7.5, 11.5, 4.5], "rotation": 90, "texture": "#0"},
				"west": {"uv": [10.5, 4, 11, 4.5], "rotation": 90, "texture": "#0"},
				"up": {"uv": [10.5, 7.5, 10, 4.5], "rotation": 90, "texture": "#0"},
				"down": {"uv": [11, 4.5, 11.5, 7.5], "rotation": 270, "texture": "#0"}
			}
		},
		{
			"from": [4, -4, 6],
			"to": [12, -4, 10],
			"rotation": {"angle": 0, "axis": "y", "origin": [0, -16, 0]},
			"faces": {
				"up": {"uv": [7, 5, 9, 4], "texture": "#0"},
				"down": {"uv": [7, 4, 9, 5], "texture": "#0"}
			}
		},
		{
			"from": [4, -4, 10],
			"to": [12, 8, 10],
			"rotation": {"angle": 0, "axis": "y", "origin": [0, -16, 0]},
			"faces": {
				"north": {"uv": [10, 5, 8, 8], "texture": "#0"},
				"south": {"uv": [8, 5, 10, 8], "texture": "#0"}
			}
		},
		{
			"from": [3.75, -9.25, 10.25],
			"to": [12.25, 8.25, 10.25],
			"rotation": {"angle": 0, "axis": "y", "origin": [0, -16, 0]},
			"faces": {
				"north": {"uv": [10, 12, 8, 16], "texture": "#0"},
				"south": {"uv": [8, 12, 10, 16], "texture": "#0"}
			}
		},
		{
			"from": [12, -1, 9.24],
			"to": [17, 13, 9.24],
			"rotation": {"angle": 0, "axis": "y", "origin": [13.95711, 8.2981, 8]},
			"faces": {
				"north": {"uv": [14.75, 12.5, 16, 16], "texture": "#0"},
				"south": {"uv": [16, 12.5, 14.75, 16], "texture": "#0"}
			}
		},
		{
			"from": [-1, -1, 9.24],
			"to": [4, 13, 9.24],
			"rotation": {"angle": 0, "axis": "y", "origin": [13.95711, 8.2981, 8]},
			"faces": {
				"north": {"uv": [16, 12.5, 14.75, 16], "texture": "#0"},
				"south": {"uv": [14.75, 12.5, 16, 16], "texture": "#0"}
			}
		},
		{
			"from": [10.45971, 8.6757, 9.25],
			"to": [17.95971, 10.9257, 9.25],
			"rotation": {"angle": 45, "axis": "z", "origin": [14.20971, 9.8007, 9.25]},
			"faces": {
				"north": {"uv": [14.75, 14.5, 13, 15], "rotation": 180, "texture": "#0"},
				"south": {"uv": [14.75, 15, 13, 14.5], "texture": "#0"}
			}
		},
		{
			"from": [9.66421, 10.59619, 6.75],
			"to": [17.16421, 10.59619, 9.25],
			"rotation": {"angle": 45, "axis": "z", "origin": [13.41421, 10.59619, 8]},
			"faces": {
				"up": {"uv": [14.75, 15.5, 13, 15], "texture": "#0"},
				"down": {"uv": [14.75, 15, 13, 15.5], "texture": "#0"}
			}
		},
		{
			"from": [11.44822, 8.05698, 6.75],
			"to": [18.94822, 10.30698, 6.75],
			"rotation": {"angle": 45, "axis": "z", "origin": [13.95711, 8.2981, 8]},
			"faces": {
				"north": {"uv": [14.75, 16, 13, 15.5], "rotation": 180, "texture": "#0"},
				"south": {"uv": [14.75, 15.5, 13, 16], "texture": "#0"}
			}
		},
		{
			"from": [4, -4, 6],
			"to": [12, 8, 6],
			"rotation": {"angle": 0, "axis": "y", "origin": [0, -16, 0]},
			"faces": {
				"north": {"uv": [5, 5, 7, 8], "texture": "#0"},
				"south": {"uv": [7, 5, 5, 8], "texture": "#0"}
			}
		},
		{
			"from": [11.99, -4, 6],
			"to": [11.99, 8, 10],
			"rotation": {"angle": 0, "axis": "y", "origin": [0, -16, 0]},
			"faces": {
				"east": {"uv": [4, 5, 5, 8], "texture": "#0"},
				"west": {"uv": [5, 5, 4, 8], "texture": "#0"}
			}
		},
		{
			"from": [12.24, -9.25, 5.75],
			"to": [12.24, 8.25, 10.25],
			"rotation": {"angle": 0, "axis": "y", "origin": [0, -16, 0]},
			"faces": {
				"east": {"uv": [4, 12, 5, 16], "texture": "#0"},
				"west": {"uv": [5, 12, 4, 16], "texture": "#0"}
			}
		},
		{
			"from": [4.01, -4, 6],
			"to": [4.01, 8, 10],
			"rotation": {"angle": 0, "axis": "y", "origin": [0, -16, 0]},
			"faces": {
				"east": {"uv": [8, 5, 7, 8], "texture": "#0"},
				"west": {"uv": [7, 5, 8, 8], "texture": "#0"}
			}
		},
		{
			"from": [3.76, -9.25, 5.75],
			"to": [3.76, 8.25, 10.25],
			"rotation": {"angle": 0, "axis": "y", "origin": [0, -16, 0]},
			"faces": {
				"east": {"uv": [8, 12.5, 7, 16], "texture": "#0"},
				"west": {"uv": [7, 12, 8, 16], "texture": "#0"}
			}
		},
		{
			"from": [4, 7.5, 2],
			"to": [12, 7.5, 10],
			"rotation": {"angle": -22.5, "axis": "x", "origin": [8, 12, 8]},
			"faces": {
				"down": {"uv": [4, 0, 6, 2], "texture": "#0"}
			}
		},
		{
			"from": [3.75, 7.25, 1.75],
			"to": [12.25, 7.25, 10.25],
			"rotation": {"angle": -22.5, "axis": "x", "origin": [8, 12, 8]},
			"faces": {
				"up": {"uv": [4, 8, 6, 10], "rotation": 180, "texture": "#0"},
				"down": {"uv": [4, 8, 6, 10], "texture": "#0"}
			}
		},
		{
			"from": [4, 15.5, 2],
			"to": [12, 15.5, 10],
			"rotation": {"angle": -22.5, "axis": "x", "origin": [8, 12, 8]},
			"faces": {
				"up": {"uv": [2, 0, 4, 2], "rotation": 180, "texture": "#0"},
				"down": {"uv": [4, 0, 2, 2], "texture": "#0"}
			}
		},
		{
			"from": [4, 7.5, 10],
			"to": [12, 15.5, 10],
			"rotation": {"angle": -22.5, "axis": "x", "origin": [8, 12, 8]},
			"faces": {
				"north": {"uv": [6, 2, 8, 4], "texture": "#0"},
				"south": {"uv": [6, 2, 8, 4], "texture": "#0"}
			}
		},
		{
			"from": [4, 7.5, 2],
			"to": [12, 15.5, 2],
			"rotation": {"angle": -22.5, "axis": "x", "origin": [8, 12, 8]},
			"faces": {
				"north": {"uv": [2, 2, 4, 4], "texture": "#0"},
				"south": {"uv": [4, 2, 2, 4], "texture": "#0"}
			}
		},
		{
			"from": [12, 7.5, 2],
			"to": [12, 15.5, 10],
			"rotation": {"angle": -22.5, "axis": "x", "origin": [8, 12, 8]},
			"faces": {
				"east": {"uv": [0, 2, 2, 4], "texture": "#0"},
				"west": {"uv": [2, 2, 0, 4], "texture": "#0"}
			}
		},
		{
			"from": [4, 7.5, 2],
			"to": [4, 15.5, 10],
			"rotation": {"angle": -22.5, "axis": "x", "origin": [8, 12, 8]},
			"faces": {
				"east": {"uv": [6, 2, 4, 4], "texture": "#0"},
				"west": {"uv": [4, 2, 6, 4], "texture": "#0"}
			}
		},
		{
			"from": [3.75, 7.25, 1.75],
			"to": [12.25, 15.75, 1.75],
			"rotation": {"angle": -22.5, "axis": "x", "origin": [8, 12, 8]},
			"faces": {
				"north": {"uv": [2, 10, 4, 12], "texture": "#0"},
				"south": {"uv": [2, 10, 4, 12], "texture": "#0"}
			}
		},
		{
			"from": [3.75, 15.75, 1.75],
			"to": [12.25, 15.75, 10.25],
			"rotation": {"angle": -22.5, "axis": "x", "origin": [8, 12, 8]},
			"faces": {
				"up": {"uv": [2, 8, 4, 10], "rotation": 180, "texture": "#0"},
				"down": {"uv": [2, 8, 4, 10], "rotation": 180, "texture": "#0"}
			}
		},
		{
			"from": [3.75, 7.25, 1.75],
			"to": [3.75, 15.75, 10.25],
			"rotation": {"angle": -22.5, "axis": "x", "origin": [8, 12, 8]},
			"faces": {
				"east": {"uv": [4, 10, 6, 12], "texture": "#0"},
				"west": {"uv": [4, 10, 6, 12], "texture": "#0"}
			}
		},
		{
			"from": [12.25, 7.25, 1.75],
			"to": [12.25, 15.75, 10.25],
			"rotation": {"angle": -22.5, "axis": "x", "origin": [8, 12, 8]},
			"faces": {
				"east": {"uv": [0, 10, 2, 12], "texture": "#0"},
				"west": {"uv": [0, 10, 2, 12], "texture": "#0"}
			}
		},
		{
			"from": [3.75, 7.25, 10.25],
			"to": [12.25, 15.75, 10.25],
			"rotation": {"angle": -22.5, "axis": "x", "origin": [8, 12, 8]},
			"faces": {
				"north": {"uv": [6, 10, 8, 12], "texture": "#0"},
				"south": {"uv": [6, 10, 8, 12], "texture": "#0"}
			}
		},
		{
			"from": [-2, 14, 8],
			"to": [1, 32, 8],
			"rotation": {"angle": 0, "axis": "y", "origin": [-0.5, 15, 8]},
			"faces": {
				"north": {"uv": [15.25, 4.5, 16, 9], "texture": "#0"},
				"south": {"uv": [15.25, 4.5, 16, 9], "texture": "#0"}
			}
		},
		{
			"from": [16.5, 14, 6.5],
			"to": [16.5, 32, 9.5],
			"rotation": {"angle": 0, "axis": "y", "origin": [-0.5, 15, 8]},
			"faces": {
				"east": {"uv": [14.5, 4.5, 15.25, 9], "texture": "#0"},
				"west": {"uv": [14.5, 4.5, 15.25, 9], "texture": "#0"}
			}
		},
		{
			"from": [15, 14, 8],
			"to": [18, 32, 8],
			"rotation": {"angle": 0, "axis": "y", "origin": [-0.5, 15, 8]},
			"faces": {
				"north": {"uv": [15.25, 4.5, 16, 9], "texture": "#0"},
				"south": {"uv": [15.25, 4.5, 16, 9], "texture": "#0"}
			}
		},
		{
			"from": [-0.5, 14, 6.5],
			"to": [-0.5, 32, 9.5],
			"rotation": {"angle": 0, "axis": "y", "origin": [-0.5, 15, 8]},
			"faces": {
				"east": {"uv": [14.5, 4.5, 15.25, 9], "texture": "#0"},
				"west": {"uv": [14.5, 4.5, 15.25, 9], "texture": "#0"}
			}
		},
		{
			"from": [16, 10, 6],
			"to": [17, 14, 10],
			"rotation": {"angle": 0, "axis": "y", "origin": [17, -16, 0]},
			"faces": {
				"north": {"uv": [14.75, 3.5, 14.5, 4.5], "texture": "#0"},
				"east": {"uv": [13.5, 3.5, 14.5, 4.5], "texture": "#0"},
				"south": {"uv": [15.75, 3.5, 16, 4.5], "texture": "#0"},
				"west": {"uv": [14.75, 3.5, 15.75, 4.5], "texture": "#0"},
				"up": {"uv": [13.75, 3.25, 14.75, 3.5], "rotation": 90, "texture": "#0"},
				"down": {"uv": [14.75, 3.25, 15.75, 3.5], "rotation": 90, "texture": "#0"}
			}
		},
		{
			"from": [-1, 10, 6],
			"to": [0, 14, 10],
			"rotation": {"angle": 0, "axis": "y", "origin": [17, -16, 0]},
			"faces": {
				"north": {"uv": [14.75, 3.5, 14.5, 4.5], "texture": "#0"},
				"east": {"uv": [13.5, 3.5, 14.5, 4.5], "texture": "#0"},
				"south": {"uv": [15.75, 3.5, 16, 4.5], "texture": "#0"},
				"west": {"uv": [14.75, 3.5, 15.75, 4.5], "texture": "#0"},
				"up": {"uv": [13.75, 3.25, 14.75, 3.5], "rotation": 90, "texture": "#0"},
				"down": {"uv": [14.75, 3.25, 15.75, 3.5], "rotation": 90, "texture": "#0"}
			}
		}
	],
	"display": {
		"thirdperson_righthand": {
			"rotation": [75, 45, 0],
			"translation": [0, 2.5, 0],
			"scale": [0.375, 0.375, 0.375]
		},
		"thirdperson_lefthand": {
			"rotation": [75, 45, 0],
			"translation": [0, 2.5, 0],
			"scale": [0.375, 0.375, 0.375]
		},
		"firstperson_righthand": {
			"rotation": [0, 45, 0],
			"scale": [0.4, 0.4, 0.4]
		},
		"firstperson_lefthand": {
			"rotation": [0, 225, 0],
			"scale": [0.4, 0.4, 0.4]
		},
		"ground": {
			"translation": [0, 3, 0],
			"scale": [0.25, 0.25, 0.25]
		},
		"gui": {
			"rotation": [30, 225, 0],
			"scale": [0.625, 0.625, 0.625]
		},
		"head": {
			"translation": [0, -6.43, 0],
			"scale": [1.601, 1.601, 1.601]
		},
		"fixed": {
			"scale": [0.5, 0.5, 0.5]
		}
	}
}