{
	"credit": "Made with Blockbench",
	"texture_size": [32, 32],
	"textures": {
		"0": "epa:entity/hex",
		"particle": "epa:entity/hex"
	},
	"elements": [
		{
			"from": [4.5, 0, 4.5],
			"to": [11.5, 7, 11.5],
			"faces": {
				"north": {"uv": [3.5, 3.5, 7, 7], "texture": "#0"},
				"east": {"uv": [0, 3.5, 3.5, 7], "texture": "#0"},
				"south": {"uv": [10.5, 3.5, 14, 7], "texture": "#0"},
				"west": {"uv": [7, 3.5, 10.5, 7], "texture": "#0"},
				"up": {"uv": [3.5, 3.5, 7, 0], "texture": "#0"},
				"down": {"uv": [7, 0, 10.5, 3.5], "texture": "#0"}
			}
		}
	],
	"display": {
		"firstperson_righthand": {
			"scale": [0.4, 0.4, 0.4]
		},
		"firstperson_lefthand": {
			"scale": [0.4, 0.4, 0.4]
		},
		"ground": {
			"rotation": [0, -180, 0],
			"translation": [0, 8, -6.4],
			"scale": [2, 2, 2]
		},
		"gui": {
			"rotation": [30, 225, 0],
			"scale": [0.625, 0.625, 0.625]
		}
	}
}