{
	"credit": "Made with Blockbench",
	"texture_size": [512, 512],
	"textures": {
		"0": "epa:entity/roly_bones_hurt_moving",
		"particle": "epa:entity/roly_bones_hurt_moving"
	},
	"elements": [
		{
			"from": [4, 0, 12],
			"to": [12, 8, 12],
			"rotation": {"angle": 0, "axis": "x", "origin": [8, 4, 8]},
			"faces": {
				"north": {"uv": [0.75, 0.25, 1, 0.5], "texture": "#0"},
				"south": {"uv": [0.75, 0.25, 1, 0.5], "texture": "#0"}
			}
		},
		{
			"from": [4, 8, 4],
			"to": [12, 8, 12],
			"rotation": {"angle": 0, "axis": "x", "origin": [8, 4, 8]},
			"faces": {
				"up": {"uv": [0.25, 0, 0.5, 0.25], "rotation": 180, "texture": "#0"},
				"down": {"uv": [0.25, 0, 0.5, 0.25], "texture": "#0"}
			}
		},
		{
			"from": [4, 0, 4],
			"to": [12, 8, 4],
			"rotation": {"angle": 0, "axis": "x", "origin": [8, 4, 8]},
			"faces": {
				"north": {"uv": [0.25, 0.25, 0.5, 0.5], "texture": "#0"},
				"south": {"uv": [0.25, 0.25, 0.5, 0.5], "texture": "#0"}
			}
		},
		{
			"from": [4, 0, 4],
			"to": [4, 8, 12],
			"rotation": {"angle": 0, "axis": "x", "origin": [8, 4, 8]},
			"faces": {
				"east": {"uv": [0, 0.25, 0.25, 0.5], "texture": "#0"},
				"west": {"uv": [0.5, 0.25, 0.75, 0.5], "texture": "#0"}
			}
		},
		{
			"from": [12, 0, 4],
			"to": [12, 8, 12],
			"rotation": {"angle": 0, "axis": "x", "origin": [8, 4, 8]},
			"faces": {
				"east": {"uv": [0, 0.25, 0.25, 0.5], "texture": "#0"},
				"west": {"uv": [0.5, 0.25, 0.75, 0.5], "texture": "#0"}
			}
		},
		{
			"from": [4, 0, 4],
			"to": [12, 0, 12],
			"rotation": {"angle": 0, "axis": "x", "origin": [8, 4, 8]},
			"faces": {
				"down": {"uv": [0.5, 0, 0.75, 0.25], "texture": "#0"}
			}
		},
		{
			"from": [4, 0, 12],
			"to": [12, 8, 12],
			"rotation": {"angle": -22.5, "axis": "x", "origin": [8, 4, 8]},
			"faces": {
				"north": {"uv": [1.75, 0.25, 2, 0.5], "texture": "#0"},
				"south": {"uv": [1.75, 0.25, 2, 0.5], "texture": "#0"}
			}
		},
		{
			"from": [4, 8, 4],
			"to": [12, 8, 12],
			"rotation": {"angle": -22.5, "axis": "x", "origin": [8, 4, 8]},
			"faces": {
				"up": {"uv": [1.25, 0, 1.5, 0.25], "rotation": 180, "texture": "#0"},
				"down": {"uv": [1.25, 0, 1.5, 0.25], "texture": "#0"}
			}
		},
		{
			"from": [4, 0, 4],
			"to": [12, 8, 4],
			"rotation": {"angle": -22.5, "axis": "x", "origin": [8, 4, 8]},
			"faces": {
				"north": {"uv": [1.25, 0.25, 1.5, 0.5], "texture": "#0"},
				"south": {"uv": [1.25, 0.25, 1.5, 0.5], "texture": "#0"}
			}
		},
		{
			"from": [4, 0, 4],
			"to": [4, 8, 12],
			"rotation": {"angle": -22.5, "axis": "x", "origin": [8, 4, 8]},
			"faces": {
				"east": {"uv": [1, 0.25, 1.25, 0.5], "texture": "#0"},
				"west": {"uv": [1.5, 0.25, 1.75, 0.5], "texture": "#0"}
			}
		},
		{
			"from": [12, 0, 4],
			"to": [12, 8, 12],
			"rotation": {"angle": -22.5, "axis": "x", "origin": [8, 4, 8]},
			"faces": {
				"east": {"uv": [1, 0.25, 1.25, 0.5], "texture": "#0"},
				"west": {"uv": [1.5, 0.25, 1.75, 0.5], "texture": "#0"}
			}
		},
		{
			"from": [4, 0, 4],
			"to": [12, 0, 12],
			"rotation": {"angle": -22.5, "axis": "x", "origin": [8, 4, 8]},
			"faces": {
				"down": {"uv": [1.5, 0, 1.75, 0.25], "texture": "#0"}
			}
		},
		{
			"from": [4, 0, 12],
			"to": [12, 8, 12],
			"rotation": {"angle": -45, "axis": "x", "origin": [8, 4, 8]},
			"faces": {
				"north": {"uv": [2.75, 0.25, 3, 0.5], "texture": "#0"},
				"south": {"uv": [2.75, 0.25, 3, 0.5], "texture": "#0"}
			}
		},
		{
			"from": [4, 8, 4],
			"to": [12, 8, 12],
			"rotation": {"angle": -45, "axis": "x", "origin": [8, 4, 8]},
			"faces": {
				"up": {"uv": [2.25, 0, 2.5, 0.25], "rotation": 180, "texture": "#0"},
				"down": {"uv": [2.25, 0, 2.5, 0.25], "texture": "#0"}
			}
		},
		{
			"from": [4, 0, 4],
			"to": [12, 8, 4],
			"rotation": {"angle": -45, "axis": "x", "origin": [8, 4, 8]},
			"faces": {
				"north": {"uv": [2.25, 0.25, 2.5, 0.5], "texture": "#0"},
				"south": {"uv": [2.25, 0.25, 2.5, 0.5], "texture": "#0"}
			}
		},
		{
			"from": [4, 0, 4],
			"to": [4, 8, 12],
			"rotation": {"angle": -45, "axis": "x", "origin": [8, 4, 8]},
			"faces": {
				"east": {"uv": [2, 0.25, 2.25, 0.5], "texture": "#0"},
				"west": {"uv": [2.5, 0.25, 2.75, 0.5], "texture": "#0"}
			}
		},
		{
			"from": [12, 0, 4],
			"to": [12, 8, 12],
			"rotation": {"angle": -45, "axis": "x", "origin": [8, 4, 8]},
			"faces": {
				"east": {"uv": [2, 0.25, 2.25, 0.5], "texture": "#0"},
				"west": {"uv": [2.5, 0.25, 2.75, 0.5], "texture": "#0"}
			}
		},
		{
			"from": [4, 0, 4],
			"to": [12, 0, 12],
			"rotation": {"angle": -45, "axis": "x", "origin": [8, 4, 8]},
			"faces": {
				"down": {"uv": [2.5, 0, 2.75, 0.25], "texture": "#0"}
			}
		},
		{
			"from": [4, 8, 4],
			"to": [12, 8, 12],
			"rotation": {"angle": 22.5, "axis": "x", "origin": [8, 4, 8]},
			"faces": {
				"up": {"uv": [3.75, 0.25, 4, 0.5], "texture": "#0"},
				"down": {"uv": [3.75, 0.25, 4, 0.5], "rotation": 180, "texture": "#0"}
			}
		},
		{
			"from": [4, 0, 4],
			"to": [12, 8, 4],
			"rotation": {"angle": 22.5, "axis": "x", "origin": [8, 4, 8]},
			"faces": {
				"north": {"uv": [3.25, 0, 3.5, 0.25], "texture": "#0"},
				"south": {"uv": [3.25, 0, 3.5, 0.25], "texture": "#0"}
			}
		},
		{
			"from": [4, 0, 4],
			"to": [12, 0, 12],
			"rotation": {"angle": 22.5, "axis": "x", "origin": [8, 4, 8]},
			"faces": {
				"up": {"uv": [3.25, 0.25, 3.5, 0.5], "texture": "#0"},
				"down": {"uv": [3.25, 0.25, 3.5, 0.5], "rotation": 180, "texture": "#0"}
			}
		},
		{
			"from": [4, 0, 4],
			"to": [4, 8, 12],
			"rotation": {"angle": 22.5, "axis": "x", "origin": [8, 4, 8]},
			"faces": {
				"east": {"uv": [3, 0.25, 3.25, 0.5], "rotation": 90, "texture": "#0"},
				"west": {"uv": [3.5, 0.25, 3.75, 0.5], "rotation": 270, "texture": "#0"}
			}
		},
		{
			"from": [12, 0, 4],
			"to": [12, 8, 12],
			"rotation": {"angle": 22.5, "axis": "x", "origin": [8, 4, 8]},
			"faces": {
				"east": {"uv": [3, 0.25, 3.25, 0.5], "rotation": 90, "texture": "#0"},
				"west": {"uv": [3.5, 0.25, 3.75, 0.5], "rotation": 270, "texture": "#0"}
			}
		},
		{
			"from": [4, 0, 12],
			"to": [12, 8, 12],
			"rotation": {"angle": 22.5, "axis": "x", "origin": [8, 4, 8]},
			"faces": {
				"south": {"uv": [3.5, 0, 3.75, 0.25], "texture": "#0"}
			}
		},
		{
			"from": [4, 8, 4],
			"to": [12, 8, 12],
			"rotation": {"angle": 0, "axis": "x", "origin": [8, 4, 8]},
			"faces": {
				"up": {"uv": [4.75, 0.25, 5, 0.5], "texture": "#0"},
				"down": {"uv": [4.75, 0.25, 5, 0.5], "rotation": 180, "texture": "#0"}
			}
		},
		{
			"from": [4, 0, 4],
			"to": [12, 8, 4],
			"rotation": {"angle": 0, "axis": "x", "origin": [8, 4, 8]},
			"faces": {
				"north": {"uv": [4.25, 0, 4.5, 0.25], "texture": "#0"},
				"south": {"uv": [4.25, 0, 4.5, 0.25], "texture": "#0"}
			}
		},
		{
			"from": [4, 0, 4],
			"to": [12, 0, 12],
			"rotation": {"angle": 0, "axis": "x", "origin": [8, 4, 8]},
			"faces": {
				"up": {"uv": [4.25, 0.25, 4.5, 0.5], "texture": "#0"},
				"down": {"uv": [4.25, 0.25, 4.5, 0.5], "rotation": 180, "texture": "#0"}
			}
		},
		{
			"from": [4, 0, 4],
			"to": [4, 8, 12],
			"rotation": {"angle": 0, "axis": "x", "origin": [8, 4, 8]},
			"faces": {
				"east": {"uv": [4, 0.25, 4.25, 0.5], "rotation": 90, "texture": "#0"},
				"west": {"uv": [4.5, 0.25, 4.75, 0.5], "rotation": 270, "texture": "#0"}
			}
		},
		{
			"from": [12, 0, 4],
			"to": [12, 8, 12],
			"rotation": {"angle": 0, "axis": "x", "origin": [8, 4, 8]},
			"faces": {
				"east": {"uv": [4, 0.25, 4.25, 0.5], "rotation": 90, "texture": "#0"},
				"west": {"uv": [4.5, 0.25, 4.75, 0.5], "rotation": 270, "texture": "#0"}
			}
		},
		{
			"from": [4, 0, 12],
			"to": [12, 8, 12],
			"rotation": {"angle": 0, "axis": "x", "origin": [8, 4, 8]},
			"faces": {
				"south": {"uv": [4.5, 0, 4.75, 0.25], "texture": "#0"}
			}
		},
		{
			"from": [4, 8, 4],
			"to": [12, 8, 12],
			"rotation": {"angle": -22.5, "axis": "x", "origin": [8, 4, 8]},
			"faces": {
				"up": {"uv": [5.75, 0.25, 6, 0.5], "texture": "#0"},
				"down": {"uv": [5.75, 0.25, 6, 0.5], "rotation": 180, "texture": "#0"}
			}
		},
		{
			"from": [4, 0, 4],
			"to": [12, 8, 4],
			"rotation": {"angle": -22.5, "axis": "x", "origin": [8, 4, 8]},
			"faces": {
				"north": {"uv": [5.25, 0, 5.5, 0.25], "texture": "#0"},
				"south": {"uv": [5.25, 0, 5.5, 0.25], "texture": "#0"}
			}
		},
		{
			"from": [4, 0, 4],
			"to": [12, 0, 12],
			"rotation": {"angle": -22.5, "axis": "x", "origin": [8, 4, 8]},
			"faces": {
				"up": {"uv": [5.25, 0.25, 5.5, 0.5], "texture": "#0"},
				"down": {"uv": [5.25, 0.25, 5.5, 0.5], "rotation": 180, "texture": "#0"}
			}
		},
		{
			"from": [4, 0, 4],
			"to": [4, 8, 12],
			"rotation": {"angle": -22.5, "axis": "x", "origin": [8, 4, 8]},
			"faces": {
				"east": {"uv": [5, 0.25, 5.25, 0.5], "rotation": 90, "texture": "#0"},
				"west": {"uv": [5.5, 0.25, 5.75, 0.5], "rotation": 270, "texture": "#0"}
			}
		},
		{
			"from": [12, 0, 4],
			"to": [12, 8, 12],
			"rotation": {"angle": -22.5, "axis": "x", "origin": [8, 4, 8]},
			"faces": {
				"east": {"uv": [5, 0.25, 5.25, 0.5], "rotation": 90, "texture": "#0"},
				"west": {"uv": [5.5, 0.25, 5.75, 0.5], "rotation": 270, "texture": "#0"}
			}
		},
		{
			"from": [4, 0, 12],
			"to": [12, 8, 12],
			"rotation": {"angle": -22.5, "axis": "x", "origin": [8, 4, 8]},
			"faces": {
				"south": {"uv": [5.5, 0, 5.75, 0.25], "texture": "#0"}
			}
		},
		{
			"from": [4, 8, 4],
			"to": [12, 8, 12],
			"rotation": {"angle": -45, "axis": "x", "origin": [8, 4, 8]},
			"faces": {
				"up": {"uv": [6.75, 0.25, 7, 0.5], "texture": "#0"},
				"down": {"uv": [6.75, 0.25, 7, 0.5], "rotation": 180, "texture": "#0"}
			}
		},
		{
			"from": [4, 0, 4],
			"to": [12, 8, 4],
			"rotation": {"angle": -45, "axis": "x", "origin": [8, 4, 8]},
			"faces": {
				"north": {"uv": [6.25, 0, 6.5, 0.25], "texture": "#0"},
				"south": {"uv": [6.25, 0, 6.5, 0.25], "texture": "#0"}
			}
		},
		{
			"from": [4, 0, 4],
			"to": [12, 0, 12],
			"rotation": {"angle": -45, "axis": "x", "origin": [8, 4, 8]},
			"faces": {
				"up": {"uv": [6.25, 0.25, 6.5, 0.5], "texture": "#0"},
				"down": {"uv": [6.25, 0.25, 6.5, 0.5], "rotation": 180, "texture": "#0"}
			}
		},
		{
			"from": [4, 0, 4],
			"to": [4, 8, 12],
			"rotation": {"angle": -45, "axis": "x", "origin": [8, 4, 8]},
			"faces": {
				"east": {"uv": [6, 0.25, 6.25, 0.5], "rotation": 90, "texture": "#0"},
				"west": {"uv": [6.5, 0.25, 6.75, 0.5], "rotation": 270, "texture": "#0"}
			}
		},
		{
			"from": [12, 0, 4],
			"to": [12, 8, 12],
			"rotation": {"angle": -45, "axis": "x", "origin": [8, 4, 8]},
			"faces": {
				"east": {"uv": [6, 0.25, 6.25, 0.5], "rotation": 90, "texture": "#0"},
				"west": {"uv": [6.5, 0.25, 6.75, 0.5], "rotation": 270, "texture": "#0"}
			}
		},
		{
			"from": [4, 0, 12],
			"to": [12, 8, 12],
			"rotation": {"angle": -45, "axis": "x", "origin": [8, 4, 8]},
			"faces": {
				"south": {"uv": [6.5, 0, 6.75, 0.25], "texture": "#0"}
			}
		},
		{
			"from": [4, 0, 4],
			"to": [12, 8, 4],
			"rotation": {"angle": 22.5, "axis": "x", "origin": [8, 4, 8]},
			"faces": {
				"north": {"uv": [7.75, 0.25, 8, 0.5], "rotation": 180, "texture": "#0"},
				"south": {"uv": [7.75, 0.25, 8, 0.5], "rotation": 180, "texture": "#0"}
			}
		},
		{
			"from": [4, 0, 4],
			"to": [12, 0, 12],
			"rotation": {"angle": 22.5, "axis": "x", "origin": [8, 4, 8]},
			"faces": {
				"up": {"uv": [7.25, 0, 7.5, 0.25], "texture": "#0"},
				"down": {"uv": [7.25, 0, 7.5, 0.25], "rotation": 180, "texture": "#0"}
			}
		},
		{
			"from": [4, 0, 12],
			"to": [12, 8, 12],
			"rotation": {"angle": 22.5, "axis": "x", "origin": [8, 4, 8]},
			"faces": {
				"north": {"uv": [7.25, 0.25, 7.5, 0.5], "rotation": 180, "texture": "#0"},
				"south": {"uv": [7.25, 0.25, 7.5, 0.5], "rotation": 180, "texture": "#0"}
			}
		},
		{
			"from": [4, 0, 4],
			"to": [4, 8, 12],
			"rotation": {"angle": 22.5, "axis": "x", "origin": [8, 4, 8]},
			"faces": {
				"east": {"uv": [7, 0.25, 7.25, 0.5], "rotation": 180, "texture": "#0"},
				"west": {"uv": [7.5, 0.25, 7.75, 0.5], "rotation": 180, "texture": "#0"}
			}
		},
		{
			"from": [12, 0, 4],
			"to": [12, 8, 12],
			"rotation": {"angle": 22.5, "axis": "x", "origin": [8, 4, 8]},
			"faces": {
				"east": {"uv": [7, 0.25, 7.25, 0.5], "rotation": 180, "texture": "#0"},
				"west": {"uv": [7.5, 0.25, 7.75, 0.5], "rotation": 180, "texture": "#0"}
			}
		},
		{
			"from": [4, 8, 4],
			"to": [12, 8, 12],
			"rotation": {"angle": 22.5, "axis": "x", "origin": [8, 4, 8]},
			"faces": {
				"up": {"uv": [7.5, 0, 7.75, 0.25], "texture": "#0"}
			}
		},
		{
			"from": [4, 0, 4],
			"to": [12, 8, 4],
			"rotation": {"angle": 0, "axis": "x", "origin": [8, 4, 8]},
			"faces": {
				"north": {"uv": [8.75, 0.25, 9, 0.5], "rotation": 180, "texture": "#0"},
				"south": {"uv": [8.75, 0.25, 9, 0.5], "rotation": 180, "texture": "#0"}
			}
		},
		{
			"from": [4, 0, 4],
			"to": [12, 0, 12],
			"rotation": {"angle": 0, "axis": "x", "origin": [8, 4, 8]},
			"faces": {
				"up": {"uv": [8.25, 0, 8.5, 0.25], "texture": "#0"},
				"down": {"uv": [8.25, 0, 8.5, 0.25], "rotation": 180, "texture": "#0"}
			}
		},
		{
			"from": [4, 0, 12],
			"to": [12, 8, 12],
			"rotation": {"angle": 0, "axis": "x", "origin": [8, 4, 8]},
			"faces": {
				"north": {"uv": [8.25, 0.25, 8.5, 0.5], "rotation": 180, "texture": "#0"},
				"south": {"uv": [8.25, 0.25, 8.5, 0.5], "rotation": 180, "texture": "#0"}
			}
		},
		{
			"from": [4, 0, 4],
			"to": [4, 8, 12],
			"rotation": {"angle": 0, "axis": "x", "origin": [8, 4, 8]},
			"faces": {
				"east": {"uv": [8, 0.25, 8.25, 0.5], "rotation": 180, "texture": "#0"},
				"west": {"uv": [8.5, 0.25, 8.75, 0.5], "rotation": 180, "texture": "#0"}
			}
		},
		{
			"from": [12, 0, 4],
			"to": [12, 8, 12],
			"rotation": {"angle": 0, "axis": "x", "origin": [8, 4, 8]},
			"faces": {
				"east": {"uv": [8, 0.25, 8.25, 0.5], "rotation": 180, "texture": "#0"},
				"west": {"uv": [8.5, 0.25, 8.75, 0.5], "rotation": 180, "texture": "#0"}
			}
		},
		{
			"from": [4, 8, 4],
			"to": [12, 8, 12],
			"rotation": {"angle": 0, "axis": "x", "origin": [8, 4, 8]},
			"faces": {
				"up": {"uv": [8.5, 0, 8.75, 0.25], "texture": "#0"}
			}
		},
		{
			"from": [4, 0, 4],
			"to": [12, 8, 4],
			"rotation": {"angle": -22.5, "axis": "x", "origin": [8, 4, 8]},
			"faces": {
				"north": {"uv": [9.75, 0.25, 10, 0.5], "rotation": 180, "texture": "#0"},
				"south": {"uv": [9.75, 0.25, 10, 0.5], "rotation": 180, "texture": "#0"}
			}
		},
		{
			"from": [4, 0, 4],
			"to": [12, 0, 12],
			"rotation": {"angle": -22.5, "axis": "x", "origin": [8, 4, 8]},
			"faces": {
				"up": {"uv": [9.25, 0, 9.5, 0.25], "texture": "#0"},
				"down": {"uv": [9.25, 0, 9.5, 0.25], "rotation": 180, "texture": "#0"}
			}
		},
		{
			"from": [4, 0, 12],
			"to": [12, 8, 12],
			"rotation": {"angle": -22.5, "axis": "x", "origin": [8, 4, 8]},
			"faces": {
				"north": {"uv": [9.25, 0.25, 9.5, 0.5], "rotation": 180, "texture": "#0"},
				"south": {"uv": [9.25, 0.25, 9.5, 0.5], "rotation": 180, "texture": "#0"}
			}
		},
		{
			"from": [4, 0, 4],
			"to": [4, 8, 12],
			"rotation": {"angle": -22.5, "axis": "x", "origin": [8, 4, 8]},
			"faces": {
				"east": {"uv": [9, 0.25, 9.25, 0.5], "rotation": 180, "texture": "#0"},
				"west": {"uv": [9.5, 0.25, 9.75, 0.5], "rotation": 180, "texture": "#0"}
			}
		},
		{
			"from": [12, 0, 4],
			"to": [12, 8, 12],
			"rotation": {"angle": -22.5, "axis": "x", "origin": [8, 4, 8]},
			"faces": {
				"east": {"uv": [9, 0.25, 9.25, 0.5], "rotation": 180, "texture": "#0"},
				"west": {"uv": [9.5, 0.25, 9.75, 0.5], "rotation": 180, "texture": "#0"}
			}
		},
		{
			"from": [4, 8, 4],
			"to": [12, 8, 12],
			"rotation": {"angle": -22.5, "axis": "x", "origin": [8, 4, 8]},
			"faces": {
				"up": {"uv": [9.5, 0, 9.75, 0.25], "texture": "#0"}
			}
		},
		{
			"from": [4, 0, 4],
			"to": [12, 8, 4],
			"rotation": {"angle": -45, "axis": "x", "origin": [8, 4, 8]},
			"faces": {
				"north": {"uv": [10.75, 0.25, 11, 0.5], "rotation": 180, "texture": "#0"},
				"south": {"uv": [10.75, 0.25, 11, 0.5], "rotation": 180, "texture": "#0"}
			}
		},
		{
			"from": [4, 0, 4],
			"to": [12, 0, 12],
			"rotation": {"angle": -45, "axis": "x", "origin": [8, 4, 8]},
			"faces": {
				"up": {"uv": [10.25, 0, 10.5, 0.25], "texture": "#0"},
				"down": {"uv": [10.25, 0, 10.5, 0.25], "rotation": 180, "texture": "#0"}
			}
		},
		{
			"from": [4, 0, 12],
			"to": [12, 8, 12],
			"rotation": {"angle": -45, "axis": "x", "origin": [8, 4, 8]},
			"faces": {
				"north": {"uv": [10.25, 0.25, 10.5, 0.5], "rotation": 180, "texture": "#0"},
				"south": {"uv": [10.25, 0.25, 10.5, 0.5], "rotation": 180, "texture": "#0"}
			}
		},
		{
			"from": [4, 0, 4],
			"to": [4, 8, 12],
			"rotation": {"angle": -45, "axis": "x", "origin": [8, 4, 8]},
			"faces": {
				"east": {"uv": [10, 0.25, 10.25, 0.5], "rotation": 180, "texture": "#0"},
				"west": {"uv": [10.5, 0.25, 10.75, 0.5], "rotation": 180, "texture": "#0"}
			}
		},
		{
			"from": [12, 0, 4],
			"to": [12, 8, 12],
			"rotation": {"angle": -45, "axis": "x", "origin": [8, 4, 8]},
			"faces": {
				"east": {"uv": [10, 0.25, 10.25, 0.5], "rotation": 180, "texture": "#0"},
				"west": {"uv": [10.5, 0.25, 10.75, 0.5], "rotation": 180, "texture": "#0"}
			}
		},
		{
			"from": [4, 8, 4],
			"to": [12, 8, 12],
			"rotation": {"angle": -45, "axis": "x", "origin": [8, 4, 8]},
			"faces": {
				"up": {"uv": [10.5, 0, 10.75, 0.25], "texture": "#0"}
			}
		},
		{
			"from": [4, 0, 4],
			"to": [12, 0, 12],
			"rotation": {"angle": 22.5, "axis": "x", "origin": [8, 4, 8]},
			"faces": {
				"up": {"uv": [11.75, 0.25, 12, 0.5], "rotation": 180, "texture": "#0"},
				"down": {"uv": [11.75, 0.25, 12, 0.5], "texture": "#0"}
			}
		},
		{
			"from": [4, 0, 12],
			"to": [12, 8, 12],
			"rotation": {"angle": 22.5, "axis": "x", "origin": [8, 4, 8]},
			"faces": {
				"north": {"uv": [11.25, 0, 11.5, 0.25], "rotation": 180, "texture": "#0"},
				"south": {"uv": [11.25, 0, 11.5, 0.25], "rotation": 180, "texture": "#0"}
			}
		},
		{
			"from": [4, 8, 4],
			"to": [12, 8, 12],
			"rotation": {"angle": 22.5, "axis": "x", "origin": [8, 4, 8]},
			"faces": {
				"up": {"uv": [11.25, 0.25, 11.5, 0.5], "rotation": 180, "texture": "#0"},
				"down": {"uv": [11.25, 0.25, 11.5, 0.5], "texture": "#0"}
			}
		},
		{
			"from": [4, 0, 4],
			"to": [4, 8, 12],
			"rotation": {"angle": 22.5, "axis": "x", "origin": [8, 4, 8]},
			"faces": {
				"east": {"uv": [11, 0.25, 11.25, 0.5], "rotation": 270, "texture": "#0"},
				"west": {"uv": [11.5, 0.25, 11.75, 0.5], "rotation": 90, "texture": "#0"}
			}
		},
		{
			"from": [12, 0, 4],
			"to": [12, 8, 12],
			"rotation": {"angle": 22.5, "axis": "x", "origin": [8, 4, 8]},
			"faces": {
				"east": {"uv": [11, 0.25, 11.25, 0.5], "rotation": 270, "texture": "#0"},
				"west": {"uv": [11.5, 0.25, 11.75, 0.5], "rotation": 90, "texture": "#0"}
			}
		},
		{
			"from": [4, 0, 4],
			"to": [12, 8, 4],
			"rotation": {"angle": 22.5, "axis": "x", "origin": [8, 4, 8]},
			"faces": {
				"north": {"uv": [11.5, 0, 11.75, 0.25], "rotation": 180, "texture": "#0"}
			}
		},
		{
			"from": [4, 0, 4],
			"to": [12, 0, 12],
			"rotation": {"angle": 0, "axis": "x", "origin": [8, 4, 8]},
			"faces": {
				"up": {"uv": [12.75, 0.25, 13, 0.5], "rotation": 180, "texture": "#0"},
				"down": {"uv": [12.75, 0.25, 13, 0.5], "texture": "#0"}
			}
		},
		{
			"from": [4, 0, 12],
			"to": [12, 8, 12],
			"rotation": {"angle": 0, "axis": "x", "origin": [8, 4, 8]},
			"faces": {
				"north": {"uv": [12.25, 0, 12.5, 0.25], "rotation": 180, "texture": "#0"},
				"south": {"uv": [12.25, 0, 12.5, 0.25], "rotation": 180, "texture": "#0"}
			}
		},
		{
			"from": [4, 8, 4],
			"to": [12, 8, 12],
			"rotation": {"angle": 0, "axis": "x", "origin": [8, 4, 8]},
			"faces": {
				"up": {"uv": [12.25, 0.25, 12.5, 0.5], "rotation": 180, "texture": "#0"},
				"down": {"uv": [12.25, 0.25, 12.5, 0.5], "texture": "#0"}
			}
		},
		{
			"from": [4, 0, 4],
			"to": [4, 8, 12],
			"rotation": {"angle": 0, "axis": "x", "origin": [8, 4, 8]},
			"faces": {
				"east": {"uv": [12, 0.25, 12.25, 0.5], "rotation": 270, "texture": "#0"},
				"west": {"uv": [12.5, 0.25, 12.75, 0.5], "rotation": 90, "texture": "#0"}
			}
		},
		{
			"from": [12, 0, 4],
			"to": [12, 8, 12],
			"rotation": {"angle": 0, "axis": "x", "origin": [8, 4, 8]},
			"faces": {
				"east": {"uv": [12, 0.25, 12.25, 0.5], "rotation": 270, "texture": "#0"},
				"west": {"uv": [12.5, 0.25, 12.75, 0.5], "rotation": 90, "texture": "#0"}
			}
		},
		{
			"from": [4, 0, 4],
			"to": [12, 8, 4],
			"rotation": {"angle": 0, "axis": "x", "origin": [8, 4, 8]},
			"faces": {
				"north": {"uv": [12.5, 0, 12.75, 0.25], "rotation": 180, "texture": "#0"}
			}
		},
		{
			"from": [4, 0, 4],
			"to": [12, 0, 12],
			"rotation": {"angle": -22.5, "axis": "x", "origin": [8, 4, 8]},
			"faces": {
				"up": {"uv": [13.75, 0.25, 14, 0.5], "rotation": 180, "texture": "#0"},
				"down": {"uv": [13.75, 0.25, 14, 0.5], "texture": "#0"}
			}
		},
		{
			"from": [4, 0, 12],
			"to": [12, 8, 12],
			"rotation": {"angle": -22.5, "axis": "x", "origin": [8, 4, 8]},
			"faces": {
				"north": {"uv": [13.25, 0, 13.5, 0.25], "rotation": 180, "texture": "#0"},
				"south": {"uv": [13.25, 0, 13.5, 0.25], "rotation": 180, "texture": "#0"}
			}
		},
		{
			"from": [4, 8, 4],
			"to": [12, 8, 12],
			"rotation": {"angle": -22.5, "axis": "x", "origin": [8, 4, 8]},
			"faces": {
				"up": {"uv": [13.25, 0.25, 13.5, 0.5], "rotation": 180, "texture": "#0"},
				"down": {"uv": [13.25, 0.25, 13.5, 0.5], "texture": "#0"}
			}
		},
		{
			"from": [4, 0, 4],
			"to": [4, 8, 12],
			"rotation": {"angle": -22.5, "axis": "x", "origin": [8, 4, 8]},
			"faces": {
				"east": {"uv": [13, 0.25, 13.25, 0.5], "rotation": 270, "texture": "#0"},
				"west": {"uv": [13.5, 0.25, 13.75, 0.5], "rotation": 90, "texture": "#0"}
			}
		},
		{
			"from": [12, 0, 4],
			"to": [12, 8, 12],
			"rotation": {"angle": -22.5, "axis": "x", "origin": [8, 4, 8]},
			"faces": {
				"east": {"uv": [13, 0.25, 13.25, 0.5], "rotation": 270, "texture": "#0"},
				"west": {"uv": [13.5, 0.25, 13.75, 0.5], "rotation": 90, "texture": "#0"}
			}
		},
		{
			"from": [4, 0, 4],
			"to": [12, 8, 4],
			"rotation": {"angle": -22.5, "axis": "x", "origin": [8, 4, 8]},
			"faces": {
				"north": {"uv": [13.5, 0, 13.75, 0.25], "rotation": 180, "texture": "#0"}
			}
		},
		{
			"from": [4, 0, 4],
			"to": [12, 0, 12],
			"rotation": {"angle": -45, "axis": "x", "origin": [8, 4, 8]},
			"faces": {
				"up": {"uv": [14.75, 0.25, 15, 0.5], "rotation": 180, "texture": "#0"},
				"down": {"uv": [14.75, 0.25, 15, 0.5], "texture": "#0"}
			}
		},
		{
			"from": [4, 0, 12],
			"to": [12, 8, 12],
			"rotation": {"angle": -45, "axis": "x", "origin": [8, 4, 8]},
			"faces": {
				"north": {"uv": [14.25, 0, 14.5, 0.25], "rotation": 180, "texture": "#0"},
				"south": {"uv": [14.25, 0, 14.5, 0.25], "rotation": 180, "texture": "#0"}
			}
		},
		{
			"from": [4, 8, 4],
			"to": [12, 8, 12],
			"rotation": {"angle": -45, "axis": "x", "origin": [8, 4, 8]},
			"faces": {
				"up": {"uv": [14.25, 0.25, 14.5, 0.5], "rotation": 180, "texture": "#0"},
				"down": {"uv": [14.25, 0.25, 14.5, 0.5], "texture": "#0"}
			}
		},
		{
			"from": [4, 0, 4],
			"to": [4, 8, 12],
			"rotation": {"angle": -45, "axis": "x", "origin": [8, 4, 8]},
			"faces": {
				"east": {"uv": [14, 0.25, 14.25, 0.5], "rotation": 270, "texture": "#0"},
				"west": {"uv": [14.5, 0.25, 14.75, 0.5], "rotation": 90, "texture": "#0"}
			}
		},
		{
			"from": [12, 0, 4],
			"to": [12, 8, 12],
			"rotation": {"angle": -45, "axis": "x", "origin": [8, 4, 8]},
			"faces": {
				"east": {"uv": [14, 0.25, 14.25, 0.5], "rotation": 270, "texture": "#0"},
				"west": {"uv": [14.5, 0.25, 14.75, 0.5], "rotation": 90, "texture": "#0"}
			}
		},
		{
			"from": [4, 0, 4],
			"to": [12, 8, 4],
			"rotation": {"angle": -45, "axis": "x", "origin": [8, 4, 8]},
			"faces": {
				"north": {"uv": [14.5, 0, 14.75, 0.25], "rotation": 180, "texture": "#0"}
			}
		},
		{
			"from": [4, 0, 12],
			"to": [12, 8, 12],
			"rotation": {"angle": 22.5, "axis": "x", "origin": [8, 4, 8]},
			"faces": {
				"north": {"uv": [15.75, 0.25, 16, 0.5], "texture": "#0"},
				"south": {"uv": [15.75, 0.25, 16, 0.5], "texture": "#0"}
			}
		},
		{
			"from": [4, 8, 4],
			"to": [12, 8, 12],
			"rotation": {"angle": 22.5, "axis": "x", "origin": [8, 4, 8]},
			"faces": {
				"up": {"uv": [15.25, 0, 15.5, 0.25], "rotation": 180, "texture": "#0"},
				"down": {"uv": [15.25, 0, 15.5, 0.25], "texture": "#0"}
			}
		},
		{
			"from": [4, 0, 4],
			"to": [12, 8, 4],
			"rotation": {"angle": 22.5, "axis": "x", "origin": [8, 4, 8]},
			"faces": {
				"north": {"uv": [15.25, 0.25, 15.5, 0.5], "texture": "#0"},
				"south": {"uv": [15.25, 0.25, 15.5, 0.5], "texture": "#0"}
			}
		},
		{
			"from": [4, 0, 4],
			"to": [4, 8, 12],
			"rotation": {"angle": 22.5, "axis": "x", "origin": [8, 4, 8]},
			"faces": {
				"east": {"uv": [15, 0.25, 15.25, 0.5], "texture": "#0"},
				"west": {"uv": [15.5, 0.25, 15.75, 0.5], "texture": "#0"}
			}
		},
		{
			"from": [12, 0, 4],
			"to": [12, 8, 12],
			"rotation": {"angle": 22.5, "axis": "x", "origin": [8, 4, 8]},
			"faces": {
				"east": {"uv": [15, 0.25, 15.25, 0.5], "texture": "#0"},
				"west": {"uv": [15.5, 0.25, 15.75, 0.5], "texture": "#0"}
			}
		},
		{
			"from": [4, 0, 4],
			"to": [12, 0, 12],
			"rotation": {"angle": 22.5, "axis": "x", "origin": [8, 4, 8]},
			"faces": {
				"down": {"uv": [15.5, 0, 15.75, 0.25], "texture": "#0"}
			}
		}
	],
	"display": {
		"thirdperson_righthand": {
			"rotation": [75, 45, 0],
			"translation": [0, 2.5, 0],
			"scale": [0.375, 0.375, 0.375]
		},
		"thirdperson_lefthand": {
			"rotation": [75, 45, 0],
			"translation": [0, 2.5, 0],
			"scale": [0.375, 0.375, 0.375]
		},
		"firstperson_righthand": {
			"rotation": [0, 45, 0],
			"scale": [0.4, 0.4, 0.4]
		},
		"firstperson_lefthand": {
			"rotation": [0, 225, 0],
			"scale": [0.4, 0.4, 0.4]
		},
		"ground": {
			"translation": [0, 3, 0],
			"scale": [0.25, 0.25, 0.25]
		},
		"gui": {
			"rotation": [30, 225, 0],
			"scale": [0.625, 0.625, 0.625]
		},
		"head": {
			"translation": [0, -16.26, 0],
			"scale": [2.285, 2.285, 2.285]
		},
		"fixed": {
			"scale": [0.5, 0.5, 0.5]
		}
	},
	"groups": [
		{
			"name": "frame0",
			"origin": [8, 4, 8],
			"color": 0,
			"children": [0, 1, 2, 3, 4, 5]
		},
		{
			"name": "frame1",
			"origin": [8, 4, 8],
			"color": 0,
			"children": [6, 7, 8, 9, 10, 11]
		},
		{
			"name": "frame2",
			"origin": [8, 4, 8],
			"color": 0,
			"children": [12, 13, 14, 15, 16, 17]
		},
		{
			"name": "frame3",
			"origin": [8, 4, 8],
			"color": 0,
			"children": [18, 19, 20, 21, 22, 23]
		},
		{
			"name": "frame4",
			"origin": [8, 4, 8],
			"color": 0,
			"children": [24, 25, 26, 27, 28, 29]
		},
		{
			"name": "frame5",
			"origin": [8, 4, 8],
			"color": 0,
			"children": [30, 31, 32, 33, 34, 35]
		},
		{
			"name": "frame6",
			"origin": [8, 4, 8],
			"color": 0,
			"children": [36, 37, 38, 39, 40, 41]
		},
		{
			"name": "frame7",
			"origin": [8, 4, 8],
			"color": 0,
			"children": [42, 43, 44, 45, 46, 47]
		},
		{
			"name": "frame8",
			"origin": [8, 4, 8],
			"color": 0,
			"children": [48, 49, 50, 51, 52, 53]
		},
		{
			"name": "frame9",
			"origin": [8, 4, 8],
			"color": 0,
			"children": [54, 55, 56, 57, 58, 59]
		},
		{
			"name": "frame10",
			"origin": [8, 4, 8],
			"color": 0,
			"children": [60, 61, 62, 63, 64, 65]
		},
		{
			"name": "frame11",
			"origin": [8, 4, 8],
			"color": 0,
			"children": [66, 67, 68, 69, 70, 71]
		},
		{
			"name": "frame12",
			"origin": [8, 4, 8],
			"color": 0,
			"children": [72, 73, 74, 75, 76, 77]
		},
		{
			"name": "frame13",
			"origin": [8, 4, 8],
			"color": 0,
			"children": [78, 79, 80, 81, 82, 83]
		},
		{
			"name": "frame14",
			"origin": [8, 4, 8],
			"color": 0,
			"children": [84, 85, 86, 87, 88, 89]
		},
		{
			"name": "frame15",
			"origin": [8, 4, 8],
			"color": 0,
			"children": [90, 91, 92, 93, 94, 95]
		}
	]
}