{
    "providers": [
        {
            "type": "bitmap",
            "file": "epa:block/enchantment_nrs/1.png",
            "ascent": 8,
            "height": 8,
            "chars": [
              "1"
            ]
        },
        {
            "type": "bitmap",
            "file": "epa:block/enchantment_nrs/2.png",
            "ascent": 8,
            "height": 8,
            "chars": [
              "2"
            ]
        },
        {
            "type": "bitmap",
            "file": "epa:block/enchantment_nrs/3.png",
            "ascent": 16,
            "height": 16,
            "chars": [
              "3"
            ]
        },
        {
            "type": "bitmap",
            "file": "epa:block/enchantment_nrs/4.png",
            "ascent": 16,
            "height": 16,
            "chars": [
              "4"
            ]
        }
    ]
}