{
    "providers": [
        {
            "type": "space",
            "advances": {
              "\uc000": -8
            }
        },
        {
            "type": "bitmap",
            "file": "epa:gui/runic_enchanter/main.png",
            "ascent": 13,
            "height": 176,
            "chars": [
              "\uc001"
            ]
        },
        {
            "type": "space",
            "advances": {
              "\uc002": -169
            }
        }
    ]
}