{
    "providers": [
        {
            "type": "bitmap",
            "file": "epa:gui/icons/tome_rclick.png",
            "ascent": 11,
            "height": 20,
            "chars": [
              "\uc000"
            ]
        },
        {
            "type": "bitmap",
            "file": "epa:gui/icons/book_rclick.png",
            "ascent": 8,
            "height": 15,
            "chars": [
              "\uc001"
            ]
        },
        {
            "type": "bitmap",
            "file": "epa:gui/icons/xp.png",
            "ascent": 9,
            "height": 12,
            "chars": [
              "\uc002"
            ]
        },
        {
            "type": "space",
            "advances": {
              "\uc003": 1
            }
        }
    ]
}