{
  "type": "minecraft:archaeology",
  "pools": [
    {
      "rolls": 1,
      "entries": [
        {
          "type": "minecraft:item",
          "weight": 60,
          "name": "minecraft:bone"
        },
        {
          "type": "minecraft:item",
          "weight": 30,
          "name": "minecraft:iron_nugget"
        },
        {
          "type": "minecraft:item",
          "weight": 9,
          "name": "minecraft:iron_ingot"
        },
        {
          "type": "minecraft:item",
          "weight": 9,
          "name": "minecraft:gold_nugget"
        },
        {
          "type": "minecraft:item",
          "weight": 9,
          "name": "minecraft:skeleton_skull"
        },
        {
          "type": "minecraft:loot_table",
          "weight": 9,
          "name": "epa:item/dead_explorer_map_scraps"
        },
        {
          "type": "minecraft:item",
          "weight": 5,
          "name": "minecraft:bundle"
        },
        {
          "type": "minecraft:item",
          "weight": 5,
          "name": "minecraft:iron_pickaxe"
        },
        {
          "type": "minecraft:item",
          "weight": 5,
          "name": "minecraft:compass"
        },
        {
          "type": "minecraft:item",
          "weight": 3,
          "name": "minecraft:explorer_pottery_sherd"
        },
        {
          "type": "minecraft:item",
          "weight": 3,
          "name": "minecraft:mourner_pottery_sherd"
        },
        {
          "type": "minecraft:item",
          "weight": 3,
          "name": "minecraft:skull_pottery_sherd"
        }
      ]
    }
  ]
}
