{
    "criteria": {
      "requirement": {
        "trigger": "minecraft:player_killed_entity",
        "conditions": {
          "entity": {
            "type": "#epa:undead"
          },
          "killing_blow": {
            "source_entity": {
              "equipment": {
                "mainhand": {
                  "nbt": "{epa:{id:\"epa:runic_dagger\"}}"
                }
              }
            }
          }
        }
      }
    },
    "rewards": {
      "function": "epa:item/runic_dagger/killed_undead"
    }
  }