{
	"credit": "Made with Blockbench",
	"textures": {
		"0": "epa:block/altar",
		"1": "entity/skeleton/skeleton",
		"2": "epa:item/runic_dagger",
		"particle": "epa:block/altar"
	},
	"elements": [
		{
			"from": [0, 0, -8],
			"to": [16, 16, 24],
			"faces": {
				"north": {"uv": [8, 4, 12, 8], "texture": "#0"},
				"east": {"uv": [0, 4, 8, 8], "texture": "#0"},
				"south": {"uv": [8, 4, 12, 8], "texture": "#0"},
				"west": {"uv": [0, 4, 8, 8], "texture": "#0"},
				"up": {"uv": [0, 0, 8, 4], "rotation": 90, "texture": "#0"},
				"down": {"uv": [0, 8, 8, 12], "rotation": 90, "texture": "#0"}
			}
		},
		{
			"from": [4, 16, -8],
			"to": [4, 24, 0],
			"rotation": {"angle": 0, "axis": "x", "origin": [8, 28, -4]},
			"faces": {
				"north": {"uv": [0, 0, 0, 8], "rotation": 180, "texture": "#missing"},
				"east": {"uv": [4, 4, 6, 8], "rotation": 90, "texture": "#1"},
				"south": {"uv": [0, 0, 0, 8], "texture": "#missing"},
				"west": {"uv": [0, 4, 2, 8], "rotation": 270, "texture": "#1"},
				"down": {"uv": [0, 0, 0, 8], "rotation": 180, "texture": "#missing"}
			}
		},
		{
			"from": [12, 16, -8],
			"to": [12, 24, 0],
			"rotation": {"angle": 0, "axis": "x", "origin": [8, 28, -4]},
			"faces": {
				"north": {"uv": [0, 0, 0, 8], "rotation": 180, "texture": "#missing"},
				"east": {"uv": [4, 4, 6, 8], "rotation": 90, "texture": "#1"},
				"south": {"uv": [0, 0, 0, 8], "texture": "#missing"},
				"west": {"uv": [0, 4, 2, 8], "rotation": 270, "texture": "#1"},
				"down": {"uv": [0, 0, 0, 8], "rotation": 180, "texture": "#missing"}
			}
		},
		{
			"from": [4, 16.01, -8],
			"to": [12, 16.01, 0],
			"rotation": {"angle": 0, "axis": "x", "origin": [8, 28, -4]},
			"faces": {
				"north": {"uv": [0, 0, 0, 8], "rotation": 90, "texture": "#missing"},
				"south": {"uv": [0, 0, 0, 8], "rotation": 90, "texture": "#missing"},
				"west": {"uv": [0, 0, 0, 8], "rotation": 270, "texture": "#missing"},
				"up": {"uv": [6, 4, 8, 8], "texture": "#1"},
				"down": {"uv": [6, 4, 8, 8], "rotation": 180, "texture": "#1"}
			}
		},
		{
			"from": [4, 24, -8],
			"to": [12, 24, 0],
			"rotation": {"angle": 0, "axis": "x", "origin": [8, 28, -4]},
			"faces": {
				"north": {"uv": [0, 0, 0, 8], "rotation": 90, "texture": "#missing"},
				"south": {"uv": [0, 0, 0, 8], "rotation": 90, "texture": "#missing"},
				"west": {"uv": [0, 0, 0, 8], "rotation": 270, "texture": "#missing"},
				"up": {"uv": [2, 4, 4, 8], "texture": "#1"},
				"down": {"uv": [2, 4, 4, 8], "rotation": 180, "texture": "#1"}
			}
		},
		{
			"from": [4, 16, -8],
			"to": [12, 24, -8],
			"rotation": {"angle": 0, "axis": "x", "origin": [8, 28, -4]},
			"faces": {
				"north": {"uv": [2, 0, 4, 4], "rotation": 180, "texture": "#1"},
				"south": {"uv": [2, 0, 4, 4], "rotation": 180, "texture": "#1"},
				"west": {"uv": [0, 0, 0, 8], "rotation": 180, "texture": "#missing"},
				"up": {"uv": [0, 0, 0, 8], "rotation": 90, "texture": "#missing"},
				"down": {"uv": [0, 0, 0, 8], "rotation": 270, "texture": "#missing"}
			}
		},
		{
			"from": [4, 16, 0],
			"to": [12, 24, 0],
			"rotation": {"angle": 0, "axis": "x", "origin": [8, 28, -4]},
			"faces": {
				"north": {"uv": [4, 0, 6, 4], "rotation": 180, "texture": "#1"},
				"south": {"uv": [4, 0, 6, 4], "rotation": 180, "texture": "#1"},
				"west": {"uv": [0, 0, 0, 8], "rotation": 180, "texture": "#missing"},
				"up": {"uv": [0, 0, 0, 8], "rotation": 90, "texture": "#missing"},
				"down": {"uv": [0, 0, 0, 8], "rotation": 270, "texture": "#missing"}
			}
		},
		{
			"from": [4, 16.01, 0],
			"to": [12, 16.01, 12],
			"rotation": {"angle": 0, "axis": "y", "origin": [-1, 8, 0]},
			"faces": {
				"north": {"uv": [0, 0, 8, 0], "texture": "#missing"},
				"south": {"uv": [0, 0, 8, 0], "texture": "#missing"},
				"west": {"uv": [0, 0, 12, 0], "texture": "#missing"},
				"up": {"uv": [8, 10, 10, 16], "texture": "#1"},
				"down": {"uv": [8, 16, 10, 10], "texture": "#1"}
			}
		},
		{
			"from": [4, 16, 12],
			"to": [12, 20, 12],
			"rotation": {"angle": 0, "axis": "y", "origin": [-1, 8, 0]},
			"faces": {
				"north": {"uv": [7, 10, 9, 8], "texture": "#1"},
				"south": {"uv": [7, 10, 9, 8], "texture": "#1"},
				"west": {"uv": [0, 0, 12, 0], "texture": "#missing"}
			}
		},
		{
			"from": [4, 16, 0],
			"to": [4, 20, 12],
			"rotation": {"angle": 0, "axis": "y", "origin": [-1, 8, 0]},
			"faces": {
				"east": {"uv": [5, 10, 4, 16], "rotation": 90, "texture": "#1"},
				"west": {"uv": [5, 16, 4, 10], "rotation": 90, "texture": "#1"}
			}
		},
		{
			"from": [12, 16, 0],
			"to": [12, 20, 12],
			"rotation": {"angle": 0, "axis": "y", "origin": [-1, 8, 0]},
			"faces": {
				"east": {"uv": [7, 10, 8, 16], "rotation": 90, "texture": "#1"},
				"west": {"uv": [7, 16, 8, 10], "rotation": 90, "texture": "#1"}
			}
		},
		{
			"from": [4, 20, 0],
			"to": [12, 20, 12],
			"rotation": {"angle": 0, "axis": "y", "origin": [-1, 8, 0]},
			"faces": {
				"north": {"uv": [0, 0, 8, 0], "texture": "#missing"},
				"south": {"uv": [0, 0, 8, 0], "texture": "#missing"},
				"west": {"uv": [0, 0, 12, 0], "texture": "#missing"},
				"up": {"uv": [5, 10, 7, 16], "texture": "#1"},
				"down": {"uv": [5, 16, 7, 10], "texture": "#1"}
			}
		},
		{
			"from": [1.99, 16, 0],
			"to": [3.99, 18, 12],
			"rotation": {"angle": 0, "axis": "y", "origin": [-1, 8, 0]},
			"faces": {
				"north": {"uv": [10.5, 8, 11, 9], "texture": "#1"},
				"east": {"uv": [11, 9, 11.5, 15], "rotation": 90, "texture": "#1"},
				"south": {"uv": [11.5, 8, 11, 9], "texture": "#1"},
				"west": {"uv": [10.5, 15, 10, 9], "rotation": 90, "texture": "#1"},
				"up": {"uv": [10.5, 9, 11, 15], "texture": "#1"},
				"down": {"uv": [12, 15, 11.5, 9], "texture": "#1"}
			}
		},
		{
			"from": [5, 16, 12.01],
			"to": [7, 18, 24.01],
			"rotation": {"angle": 0, "axis": "y", "origin": [-1, 8, 0]},
			"faces": {
				"north": {"uv": [0.5, 8, 1, 9], "texture": "#1"},
				"east": {"uv": [1, 9, 1.5, 15], "rotation": 90, "texture": "#1"},
				"south": {"uv": [1.5, 8, 1, 9], "texture": "#1"},
				"west": {"uv": [0.5, 15, 0, 9], "rotation": 90, "texture": "#1"},
				"up": {"uv": [0.5, 9, 1, 15], "texture": "#1"},
				"down": {"uv": [2, 15, 1.5, 9], "texture": "#1"}
			}
		},
		{
			"from": [12.01, 16, 0],
			"to": [14.01, 18, 12],
			"rotation": {"angle": 0, "axis": "y", "origin": [-1, 8, 0]},
			"faces": {
				"north": {"uv": [11, 8, 10.5, 9], "texture": "#1"},
				"east": {"uv": [10.5, 9, 10, 15], "rotation": 90, "texture": "#1"},
				"south": {"uv": [11, 8, 11.5, 9], "texture": "#1"},
				"west": {"uv": [11, 15, 11.5, 9], "rotation": 90, "texture": "#1"},
				"up": {"uv": [11, 9, 10.5, 15], "texture": "#1"},
				"down": {"uv": [11.5, 15, 12, 9], "texture": "#1"}
			}
		},
		{
			"from": [9, 16, 12.01],
			"to": [11, 18, 24.01],
			"rotation": {"angle": 0, "axis": "y", "origin": [-1, 8, 0]},
			"faces": {
				"north": {"uv": [1, 8, 0.5, 9], "texture": "#1"},
				"east": {"uv": [0.5, 9, 0, 15], "rotation": 90, "texture": "#1"},
				"south": {"uv": [1, 8, 1.5, 9], "texture": "#1"},
				"west": {"uv": [1, 15, 1.5, 9], "rotation": 90, "texture": "#1"},
				"up": {"uv": [1, 9, 0.5, 15], "texture": "#1"},
				"down": {"uv": [1.5, 15, 2, 9], "texture": "#1"}
			}
		},
		{
			"from": [7.5, 27.75, 8.25],
			"to": [8.5, 30.75, 11.25],
			"rotation": {"angle": -22.5, "axis": "x", "origin": [8, 25.5, 8.75]},
			"faces": {
				"north": {"uv": [3, 13, 0, 14], "rotation": 270, "texture": "#2"},
				"east": {"uv": [0, 13, 3, 16], "rotation": 90, "texture": "#2"},
				"south": {"uv": [0, 15, 3, 16], "texture": "#2"},
				"west": {"uv": [3, 13, 0, 16], "rotation": 270, "texture": "#2"},
				"up": {"uv": [0, 13, 1, 16], "texture": "#2"},
				"down": {"uv": [2, 13, 3, 16], "rotation": 180, "texture": "#2"}
			}
		},
		{
			"from": [7.5, 26.75, 8.25],
			"to": [8.5, 27.75, 9.25],
			"rotation": {"angle": -22.5, "axis": "x", "origin": [8, 25.5, 8.75]},
			"faces": {
				"north": {"uv": [0, 0, 1, 4], "rotation": 180, "texture": "#missing"},
				"east": {"uv": [3, 13, 4, 14], "rotation": 90, "texture": "#2"},
				"south": {"uv": [3, 13, 4, 14], "texture": "#2"},
				"west": {"uv": [3, 13, 4, 14], "rotation": 270, "texture": "#2"},
				"up": {"uv": [0, 0, 1, 4], "texture": "#missing"},
				"down": {"uv": [3, 13, 4, 14], "rotation": 180, "texture": "#2"}
			}
		},
		{
			"from": [7.5, 27.75, 7.25],
			"to": [8.5, 28.75, 8.25],
			"rotation": {"angle": -22.5, "axis": "x", "origin": [8, 25.5, 8.75]},
			"faces": {
				"north": {"uv": [2, 12, 3, 13], "rotation": 180, "texture": "#2"},
				"east": {"uv": [2, 12, 3, 13], "rotation": 90, "texture": "#2"},
				"south": {"uv": [0, 0, 1, 4], "texture": "#missing"},
				"west": {"uv": [2, 12, 3, 13], "rotation": 270, "texture": "#2"},
				"up": {"uv": [2, 12, 3, 13], "texture": "#2"},
				"down": {"uv": [0, 0, 1, 4], "rotation": 180, "texture": "#missing"}
			}
		},
		{
			"from": [7.5, 23.75, 4.25],
			"to": [8.5, 27.75, 8.25],
			"rotation": {"angle": -22.5, "axis": "x", "origin": [8, 25.5, 8.75]},
			"faces": {
				"north": {"uv": [7, 9, 3, 10], "rotation": 270, "texture": "#2"},
				"east": {"uv": [3, 9, 7, 13], "rotation": 90, "texture": "#2"},
				"south": {"uv": [3, 12, 7, 13], "rotation": 90, "texture": "#2"},
				"west": {"uv": [3, 13, 7, 9], "rotation": 90, "texture": "#2"},
				"up": {"uv": [3, 9, 4, 13], "texture": "#2"},
				"down": {"uv": [6, 9, 7, 13], "rotation": 180, "texture": "#2"}
			}
		},
		{
			"from": [7.5, 26.75, 3.25],
			"to": [8.5, 28.75, 4.25],
			"rotation": {"angle": -22.5, "axis": "x", "origin": [8, 25.5, 8.75]},
			"faces": {
				"north": {"uv": [2, 8, 4, 9], "rotation": 180, "texture": "#2"},
				"east": {"uv": [2, 8, 4, 9], "rotation": 90, "texture": "#2"},
				"south": {"uv": [0, 0, 1, 4], "texture": "#missing"},
				"west": {"uv": [2, 8, 4, 9], "rotation": 270, "texture": "#2"},
				"up": {"uv": [2, 8, 3, 9], "texture": "#2"},
				"down": {"uv": [2, 8, 3, 9], "rotation": 180, "texture": "#2"}
			}
		},
		{
			"from": [7.5, 27.75, 4.25],
			"to": [8.5, 28.75, 5.25],
			"rotation": {"angle": -22.5, "axis": "x", "origin": [8, 25.5, 8.75]},
			"faces": {
				"north": {"uv": [0, 0, 1, 4], "rotation": 180, "texture": "#missing"},
				"east": {"uv": [2, 9, 3, 10], "rotation": 90, "texture": "#2"},
				"south": {"uv": [2, 9, 3, 10], "texture": "#2"},
				"west": {"uv": [2, 9, 3, 10], "rotation": 270, "texture": "#2"},
				"up": {"uv": [2, 9, 3, 10], "texture": "#2"},
				"down": {"uv": [0, 0, 1, 4], "rotation": 180, "texture": "#missing"}
			}
		},
		{
			"from": [7.5, 22.75, 8.25],
			"to": [8.5, 24.75, 9.25],
			"rotation": {"angle": -22.5, "axis": "x", "origin": [8, 25.5, 8.75]},
			"faces": {
				"north": {"uv": [0, 0, 1, 4], "rotation": 180, "texture": "#missing"},
				"east": {"uv": [6, 13, 8, 14], "rotation": 90, "texture": "#2"},
				"south": {"uv": [8, 13, 6, 14], "texture": "#2"},
				"west": {"uv": [8, 13, 6, 14], "rotation": 270, "texture": "#2"},
				"up": {"uv": [7, 13, 6, 14], "texture": "#2"},
				"down": {"uv": [8, 13, 7, 14], "rotation": 180, "texture": "#2"}
			}
		},
		{
			"from": [7.5, 22.75, 7.25],
			"to": [8.5, 23.75, 8.25],
			"rotation": {"angle": -22.5, "axis": "x", "origin": [8, 25.5, 8.75]},
			"faces": {
				"north": {"uv": [7, 12, 8, 13], "rotation": 180, "texture": "#2"},
				"east": {"uv": [7, 12, 8, 13], "rotation": 90, "texture": "#2"},
				"south": {"uv": [0, 0, 1, 4], "texture": "#missing"},
				"west": {"uv": [8, 12, 7, 13], "rotation": 270, "texture": "#2"},
				"up": {"uv": [0, 0, 1, 4], "texture": "#missing"},
				"down": {"uv": [7, 12, 8, 13], "rotation": 180, "texture": "#2"}
			}
		},
		{
			"from": [7.5, 20.75, 3.25],
			"to": [8.5, 25.75, 4.25],
			"rotation": {"angle": -22.5, "axis": "x", "origin": [8, 25.5, 8.75]},
			"faces": {
				"north": {"uv": [10, 9, 5, 8], "rotation": 270, "texture": "#2"},
				"east": {"uv": [5, 8, 10, 9], "rotation": 90, "texture": "#2"},
				"south": {"uv": [5, 9, 10, 8], "rotation": 90, "texture": "#2"},
				"west": {"uv": [10, 8, 5, 9], "rotation": 270, "texture": "#2"},
				"up": {"uv": [5, 8, 6, 9], "texture": "#2"},
				"down": {"uv": [9, 8, 10, 9], "rotation": 180, "texture": "#2"}
			}
		},
		{
			"from": [7.5, 21.75, 4.25],
			"to": [8.5, 23.75, 5.25],
			"rotation": {"angle": -22.5, "axis": "x", "origin": [8, 25.5, 8.75]},
			"faces": {
				"north": {"uv": [0, 0, 1, 4], "rotation": 180, "texture": "#missing"},
				"east": {"uv": [7, 9, 9, 10], "rotation": 90, "texture": "#2"},
				"south": {"uv": [7, 9, 9, 10], "rotation": 90, "texture": "#2"},
				"west": {"uv": [9, 9, 7, 10], "rotation": 270, "texture": "#2"},
				"up": {"uv": [0, 0, 1, 4], "texture": "#missing"},
				"down": {"uv": [8, 9, 9, 10], "rotation": 180, "texture": "#2"}
			}
		},
		{
			"from": [7.5, 22.75, 5.25],
			"to": [8.5, 23.75, 6.25],
			"rotation": {"angle": -22.5, "axis": "x", "origin": [8, 25.5, 8.75]},
			"faces": {
				"north": {"uv": [0, 0, 1, 4], "rotation": 180, "texture": "#missing"},
				"east": {"uv": [7, 10, 8, 11], "rotation": 90, "texture": "#2"},
				"south": {"uv": [7, 10, 8, 11], "texture": "#2"},
				"west": {"uv": [8, 10, 7, 11], "rotation": 270, "texture": "#2"},
				"up": {"uv": [0, 0, 1, 4], "texture": "#missing"},
				"down": {"uv": [7, 10, 8, 11], "rotation": 180, "texture": "#2"}
			}
		},
		{
			"from": [7.5, 19.75, 2.25],
			"to": [8.5, 24.75, 3.25],
			"rotation": {"angle": -22.5, "axis": "x", "origin": [8, 25.5, 8.75]},
			"faces": {
				"north": {"uv": [11, 8, 6, 7], "rotation": 270, "texture": "#2"},
				"east": {"uv": [6, 7, 11, 8], "rotation": 90, "texture": "#2"},
				"south": {"uv": [6, 8, 11, 7], "rotation": 90, "texture": "#2"},
				"west": {"uv": [11, 7, 6, 8], "rotation": 270, "texture": "#2"},
				"up": {"uv": [6, 7, 7, 8], "texture": "#2"},
				"down": {"uv": [10, 7, 11, 8], "rotation": 180, "texture": "#2"}
			}
		},
		{
			"from": [7.5, 18.75, 1.25],
			"to": [8.5, 23.75, 2.25],
			"rotation": {"angle": -22.5, "axis": "x", "origin": [8, 25.5, 8.75]},
			"faces": {
				"north": {"uv": [12, 7, 7, 6], "rotation": 270, "texture": "#2"},
				"east": {"uv": [7, 6, 12, 7], "rotation": 90, "texture": "#2"},
				"south": {"uv": [7, 7, 12, 6], "rotation": 90, "texture": "#2"},
				"west": {"uv": [12, 6, 7, 7], "rotation": 270, "texture": "#2"},
				"up": {"uv": [7, 6, 8, 7], "texture": "#2"},
				"down": {"uv": [11, 6, 12, 7], "rotation": 180, "texture": "#2"}
			}
		},
		{
			"from": [7.5, 17.75, 0.25],
			"to": [8.5, 22.75, 1.25],
			"rotation": {"angle": -22.5, "axis": "x", "origin": [8, 25.5, 8.75]},
			"faces": {
				"north": {"uv": [13, 6, 8, 5], "rotation": 270, "texture": "#2"},
				"east": {"uv": [8, 5, 13, 6], "rotation": 90, "texture": "#2"},
				"south": {"uv": [8, 6, 13, 5], "rotation": 90, "texture": "#2"},
				"west": {"uv": [13, 5, 8, 6], "rotation": 270, "texture": "#2"},
				"up": {"uv": [8, 5, 9, 6], "texture": "#2"},
				"down": {"uv": [12, 5, 13, 6], "rotation": 180, "texture": "#2"}
			}
		},
		{
			"from": [7.5, 17.75, -0.75],
			"to": [8.5, 21.75, 0.25],
			"rotation": {"angle": -22.5, "axis": "x", "origin": [8, 25.5, 8.75]},
			"faces": {
				"north": {"uv": [13, 5, 9, 4], "rotation": 270, "texture": "#2"},
				"east": {"uv": [9, 4, 13, 5], "rotation": 90, "texture": "#2"},
				"south": {"uv": [0, 0, 1, 4], "texture": "#missing"},
				"west": {"uv": [13, 4, 9, 5], "rotation": 270, "texture": "#2"},
				"up": {"uv": [9, 4, 10, 5], "texture": "#2"},
				"down": {"uv": [12, 4, 13, 5], "rotation": 180, "texture": "#2"}
			}
		}
	],
	"display": {
		"thirdperson_righthand": {
			"rotation": [75, 45, 0],
			"translation": [0, 2.5, 0],
			"scale": [0.375, 0.375, 0.375]
		},
		"thirdperson_lefthand": {
			"rotation": [75, 45, 0],
			"translation": [0, 2.5, 0],
			"scale": [0.375, 0.375, 0.375]
		},
		"firstperson_righthand": {
			"rotation": [0, 45, 0],
			"scale": [0.4, 0.4, 0.4]
		},
		"firstperson_lefthand": {
			"rotation": [0, 225, 0],
			"scale": [0.4, 0.4, 0.4]
		},
		"ground": {
			"translation": [0, 3, 0],
			"scale": [0.25, 0.25, 0.25]
		},
		"gui": {
			"rotation": [30, 225, 0],
			"scale": [0.625, 0.625, 0.625]
		},
		"head": {
			"translation": [0, -43.23, 0],
			"scale": [1.601, 1.601, 1.601]
		},
		"fixed": {
			"scale": [0.5, 0.5, 0.5]
		}
	},
	"groups": [
		0,
		{
			"name": "skeleton",
			"origin": [0, 0, 0],
			"color": 0,
			"children": [1, 2, 3, 4, 5, 6, 7, 8, 9, 10, 11, 12, 13, 14, 15]
		},
		{
			"name": "dagger",
			"origin": [0, 0, 0],
			"color": 0,
			"children": [16, 17, 18, 19, 20, 21, 22, 23, 24, 25, 26, 27, 28, 29, 30]
		}
	]
}