{
	"credit": "Made with Blockbench",
	"textures": {
		"0": "epa:block/loot_pot",
		"particle": "epa:block/loot_pot"
	},
	"elements": [
		{
			"from": [5, -0.01, 5],
			"to": [11, 6, 11],
			"rotation": {"angle": 0, "axis": "y", "origin": [13, 8, 13]},
			"faces": {
				"north": {"uv": [0, 10, 6, 16], "texture": "#0"},
				"east": {"uv": [0, 10, 6, 16], "texture": "#0"},
				"south": {"uv": [0, 10, 6, 16], "texture": "#0"},
				"west": {"uv": [0, 10, 6, 16], "texture": "#0"},
				"up": {"uv": [0, 0, 6, 6], "texture": "#0"},
				"down": {"uv": [6, 0, 12, 6], "texture": "#0"}
			}
		},
		{
			"from": [6, 6, 6],
			"to": [10, 9, 10],
			"rotation": {"angle": 0, "axis": "y", "origin": [13, 14, 13]},
			"faces": {
				"north": {"uv": [1, 7, 5, 10], "texture": "#0"},
				"east": {"uv": [1, 7, 5, 10], "texture": "#0"},
				"south": {"uv": [1, 7, 5, 10], "texture": "#0"},
				"west": {"uv": [1, 7, 5, 10], "texture": "#0"}
			}
		},
		{
			"from": [5, 9, 5],
			"to": [11, 10, 11],
			"rotation": {"angle": 0, "axis": "y", "origin": [13, 17, 13]},
			"faces": {
				"north": {"uv": [0, 6, 6, 7], "texture": "#0"},
				"east": {"uv": [0, 6, 6, 7], "texture": "#0"},
				"south": {"uv": [0, 6, 6, 7], "texture": "#0"},
				"west": {"uv": [0, 6, 6, 7], "texture": "#0"},
				"up": {"uv": [0, 0, 6, 6], "texture": "#0"},
				"down": {"uv": [6, 0, 12, 6], "texture": "#0"}
			}
		},
		{
			"from": [4, 2, 7],
			"to": [12, 3, 9],
			"rotation": {"angle": 0, "axis": "y", "origin": [19, 10, 15]},
			"faces": {
				"north": {"uv": [8, 15, 16, 16], "texture": "#0"},
				"south": {"uv": [8, 15, 16, 16], "texture": "#0"},
				"up": {"uv": [8, 14, 16, 16], "texture": "#0"},
				"down": {"uv": [8, 14, 16, 16], "texture": "#0"}
			}
		},
		{
			"from": [4, 5, 7],
			"to": [12, 6, 9],
			"rotation": {"angle": 0, "axis": "y", "origin": [19, 13, 15]},
			"faces": {
				"north": {"uv": [8, 13, 16, 14], "texture": "#0"},
				"south": {"uv": [8, 13, 16, 14], "texture": "#0"},
				"up": {"uv": [8, 11, 16, 13], "texture": "#0"},
				"down": {"uv": [8, 14, 16, 16], "texture": "#0"}
			}
		},
		{
			"from": [3, 2, 7],
			"to": [4, 6, 9],
			"rotation": {"angle": 0, "axis": "z", "origin": [11, 13, 15]},
			"faces": {
				"north": {"uv": [10, 7, 11, 11], "texture": "#0"},
				"east": {"uv": [14, 7, 16, 11], "texture": "#0"},
				"south": {"uv": [13, 7, 14, 11], "texture": "#0"},
				"west": {"uv": [11, 7, 13, 11], "texture": "#0"},
				"up": {"uv": [11, 6, 13, 7], "rotation": 270, "texture": "#0"},
				"down": {"uv": [13, 6, 15, 7], "rotation": 90, "texture": "#0"}
			}
		},
		{
			"from": [12, 2, 7],
			"to": [13, 6, 9],
			"rotation": {"angle": 0, "axis": "y", "origin": [20, 13, 15]},
			"faces": {
				"north": {"uv": [10, 7, 11, 11], "texture": "#0"},
				"east": {"uv": [11, 7, 13, 11], "texture": "#0"},
				"south": {"uv": [13, 7, 14, 11], "texture": "#0"},
				"west": {"uv": [14, 7, 16, 11], "texture": "#0"},
				"up": {"uv": [11, 6, 13, 7], "rotation": 270, "texture": "#0"},
				"down": {"uv": [13, 6, 15, 7], "rotation": 90, "texture": "#0"}
			}
		}
	],
	"display": {
		"thirdperson_righthand": {
			"rotation": [75, 45, 0],
			"translation": [0, 2.5, 0],
			"scale": [0.375, 0.375, 0.375]
		},
		"thirdperson_lefthand": {
			"rotation": [75, 45, 0],
			"translation": [0, 2.5, 0],
			"scale": [0.375, 0.375, 0.375]
		},
		"firstperson_righthand": {
			"rotation": [0, 45, 0],
			"scale": [0.4, 0.4, 0.4]
		},
		"firstperson_lefthand": {
			"rotation": [0, 225, 0],
			"scale": [0.4, 0.4, 0.4]
		},
		"ground": {
			"translation": [0, 3, 0],
			"scale": [0.25, 0.25, 0.25]
		},
		"gui": {
			"rotation": [30, 225, 0],
			"scale": [0.625, 0.625, 0.625]
		},
		"head": {
			"translation": [0, -30.42, 0],
			"scale": [1.601, 1.601, 1.601]
		},
		"fixed": {
			"scale": [0.5, 0.5, 0.5]
		}
	}
}