{
	"credit": "Made with Blockbench",
	"texture_size": [64, 32],
	"textures": {
		"0": "epa:block/runic_enchanter_tome",
		"particle": "epa:block/runic_enchanter_tome"
	},
	"elements": [
		{
			"from": [3, 0, 4],
			"to": [8, 1, 12],
			"rotation": {"angle": -22.5, "axis": "z", "origin": [8, 1, 8]},
			"faces": {
				"north": {"uv": [4.5, 5, 5.75, 5.5], "texture": "#0"},
				"east": {"uv": [3, 5.5, 3.25, 9.5], "rotation": 90, "texture": "#0"},
				"south": {"uv": [3.25, 5, 4.5, 5.5], "texture": "#0"},
				"west": {"uv": [4.5, 5.5, 4.75, 9.5], "rotation": 90, "texture": "#0"},
				"up": {"uv": [4.75, 5.5, 6, 9.5], "texture": "#0"},
				"down": {"uv": [3.25, 5.5, 4.5, 9.5], "texture": "#0"}
			}
		},
		{
			"from": [8, 0, 4],
			"to": [13, 1, 12],
			"rotation": {"angle": 22.5, "axis": "z", "origin": [8, 1, 8]},
			"faces": {
				"north": {"uv": [1.5, 5, 2.75, 5.5], "texture": "#0"},
				"east": {"uv": [1.5, 5.5, 1.75, 9.5], "rotation": 90, "texture": "#0"},
				"south": {"uv": [0.25, 5, 1.5, 5.5], "texture": "#0"},
				"west": {"uv": [0, 5.5, 0.25, 9.5], "rotation": 90, "texture": "#0"},
				"up": {"uv": [0.25, 5.5, 1.5, 9.5], "texture": "#0"},
				"down": {"uv": [1.75, 5.5, 3, 9.5], "texture": "#0"}
			}
		},
		{
			"from": [7, 0, 3],
			"to": [9, 0, 13],
			"rotation": {"angle": 0, "axis": "y", "origin": [0, 0, -1]},
			"faces": {
				"north": {"uv": [0, 0, 0.5, 0], "texture": "#missing"},
				"east": {"uv": [0, 0, 2.5, 0], "texture": "#missing"},
				"south": {"uv": [0, 0, 0.5, 0], "texture": "#missing"},
				"west": {"uv": [0, 0, 2.5, 0], "texture": "#missing"},
				"up": {"uv": [4, 0, 4.5, 5], "texture": "#0"},
				"down": {"uv": [3.5, 0, 4, 5], "texture": "#0"}
			}
		},
		{
			"from": [0, 0, 3],
			"to": [7, 0, 13],
			"rotation": {"angle": -22.5, "axis": "z", "origin": [7, 0, 8]},
			"faces": {
				"north": {"uv": [0, 0, 1.75, 0], "texture": "#missing"},
				"east": {"uv": [0, 0, 2.5, 0], "texture": "#missing"},
				"south": {"uv": [0, 0, 1.75, 0], "texture": "#missing"},
				"west": {"uv": [0, 0, 2.5, 0], "texture": "#missing"},
				"up": {"uv": [6.25, 0, 4.5, 5], "texture": "#0"},
				"down": {"uv": [6.25, 0, 8, 5], "texture": "#0"}
			}
		},
		{
			"from": [9, 0, 3],
			"to": [16, 0, 13],
			"rotation": {"angle": 22.5, "axis": "z", "origin": [9, 0, 8]},
			"faces": {
				"north": {"uv": [0, 0, 1.75, 0], "texture": "#missing"},
				"east": {"uv": [0, 0, 2.5, 0], "texture": "#missing"},
				"south": {"uv": [0, 0, 1.75, 0], "texture": "#missing"},
				"west": {"uv": [0, 0, 2.5, 0], "texture": "#missing"},
				"up": {"uv": [1.75, 0, 0, 5], "texture": "#0"},
				"down": {"uv": [1.75, 0, 3.5, 5], "texture": "#0"}
			}
		}
	],
	"display": {
		"thirdperson_righthand": {
			"rotation": [75, 45, 0],
			"translation": [0, 2.5, 0],
			"scale": [0.375, 0.375, 0.375]
		},
		"thirdperson_lefthand": {
			"rotation": [75, 45, 0],
			"translation": [0, 2.5, 0],
			"scale": [0.375, 0.375, 0.375]
		},
		"firstperson_righthand": {
			"rotation": [0, 45, 0],
			"scale": [0.4, 0.4, 0.4]
		},
		"firstperson_lefthand": {
			"rotation": [0, 225, 0],
			"scale": [0.4, 0.4, 0.4]
		},
		"ground": {
			"translation": [0, 3, 0],
			"scale": [0.25, 0.25, 0.25]
		},
		"gui": {
			"rotation": [30, 225, 0],
			"scale": [0.625, 0.625, 0.625]
		},
		"head": {
			"translation": [0, -43.23, 0],
			"scale": [1.601, 1.601, 1.601]
		},
		"fixed": {
			"scale": [0.5, 0.5, 0.5]
		}
	}
}