{
    "name": "epa:moyai/start",
    "fallback": "minecraft:empty",
    "elements": [
      {
        "weight": 1,
        "element": {
          "location": "epa:moyai/moyai_0",
          "processors": "epa:moyai/suspicious_gravel",
          "projection": "rigid",
          "element_type": "minecraft:single_pool_element"
        }
      },
      {
        "weight": 1,
        "element": {
            "location": "epa:moyai/moyai_1",
            "processors": "epa:moyai/suspicious_gravel",
          "projection": "rigid",
          "element_type": "minecraft:single_pool_element"
        }
      },
      {
        "weight": 1,
        "element": {
            "location": "epa:moyai/moyai_2",
            "processors": "epa:moyai/suspicious_gravel",
          "projection": "rigid",
          "element_type": "minecraft:single_pool_element"
        }
      },
      {
        "weight": 1,
        "element": {
            "location": "epa:moyai/moyai_3",
            "processors": "epa:moyai/suspicious_gravel",
          "projection": "rigid",
          "element_type": "minecraft:single_pool_element"
        }
      },
      {
        "weight": 1,
        "element": {
            "location": "epa:moyai/moyai_4",
            "processors": "epa:moyai/suspicious_gravel",
          "projection": "rigid",
          "element_type": "minecraft:single_pool_element"
        }
      },
      {
        "weight": 1,
        "element": {
          "location": "epa:moyai/moyai_5",
          "processors": "epa:moyai/suspicious_gravel",
          "projection": "rigid",
          "element_type": "minecraft:single_pool_element"
        }
      },
      {
        "weight": 1,
        "element": {
          "location": "epa:moyai/moyai_6",
          "processors": "epa:moyai/suspicious_gravel",
          "projection": "rigid",
          "element_type": "minecraft:single_pool_element"
        }
      },
      {
        "weight": 1,
        "element": {
            "location": "epa:moyai/moyai_7",
            "processors": "epa:moyai/suspicious_gravel",
          "projection": "rigid",
          "element_type": "minecraft:single_pool_element"
        }
      },
      {
        "weight": 1,
        "element": {
            "location": "epa:moyai/moyai_8",
            "processors": "epa:moyai/suspicious_gravel",
          "projection": "rigid",
          "element_type": "minecraft:single_pool_element"
        }
      },
      {
        "weight": 1,
        "element": {
          "location": "epa:moyai/moyai_9",
          "processors": "epa:moyai/suspicious_gravel",
          "projection": "rigid",
          "element_type": "minecraft:single_pool_element"
        }
      },
      {
        "weight": 1,
        "element": {
            "location": "epa:moyai/moyai_10",
            "processors": "epa:moyai/suspicious_gravel",
          "projection": "rigid",
          "element_type": "minecraft:single_pool_element"
        }
      },
      {
        "weight": 1,
        "element": {
            "location": "epa:moyai/moyai_11",
            "processors": "epa:moyai/suspicious_gravel",
          "projection": "rigid",
          "element_type": "minecraft:single_pool_element"
        }
      }
    ]
  }