{
  "criteria": {
    "requirement": {
      "trigger": "minecraft:player_interacted_with_entity",
      "conditions": {
        "item": {
          "items": [
            "minecraft:structure_block"
          ],
          "nbt": "{epa:{id:\"epa:focusing_tome\",focus:\"\"}}"
        },
        "entity": {
          "nbt": "{Tags:[\"epa.hex\",\"epa.hexType.zombie_villager\"]}"
        }
      }
    }
  },
  "rewards": {
    "function": "epa:entity/hex/imbued/zombie_villager"
  }
}