{
    "name": "epa:natural_grave/large_treasure",
    "fallback": "minecraft:empty",
    "elements": [
        {
            "weight": 2,
            "element": {
              "projection": "rigid",
              "element_type": "minecraft:empty_pool_element"
            }
        },
        {
            "weight": 1,
            "element": {
              "location": "epa:natural_grave/treasure/small_chest",
              "processors": "minecraft:empty",
              "projection": "rigid",
              "element_type": "minecraft:single_pool_element"
            }
        },
        {
            "weight": 1,
            "element": {
              "location": "epa:natural_grave/treasure/small_no_chest",
              "processors": "minecraft:empty",
              "projection": "rigid",
              "element_type": "minecraft:single_pool_element"
            }
        }
    ]
}