{
  "type": "minecraft:entity",
  "pools": [
    {
      "rolls": 1,
      "entries": [
        {
          "type": "minecraft:item",
          "name": "minecraft:barrier",
          "functions": [
            {
              "function": "minecraft:set_nbt",
              "tag": "{epa:{technical:\"epa:summon_soul\",type:\"minecraft:wither\"}}"
            }
          ]
        }
      ],
      "conditions": [
        {
          "condition": "minecraft:killed_by_player"
        },
        {
          "condition": "minecraft:damage_source_properties",
          "predicate": {
            "source_entity": {
              "equipment": {
                "mainhand": {
                  "nbt": "{epa:{id:\"epa:runic_dagger\"}}"
                }
              }
            }
          }
        }
      ]
    }
  ],
  "__smithed__": {
    "rules": [
      {
        "type":"smithed:append",
        "target": "pools",
        "source": {
          "type":"smithed:reference",
          "path":"pools[0]"
        }
      }
    ]
  }
}