{
  "name": "epa:catacombs/big_corridors_treasure",
  "fallback": "minecraft:empty",
  "elements": [
    {
      "weight": 1,
      "element": {
        "location": "epa:catacombs/big_corridor/treasure/straight_short",
        "processors": "epa:catacombs/gravel_iron",
        "projection": "rigid",
        "element_type": "minecraft:single_pool_element"
      }
    },
    {
      "weight": 1,
      "element": {
        "location": "epa:catacombs/big_corridor/treasure/straight_long",
        "processors": "epa:catacombs/gravel_iron",
        "projection": "rigid",
        "element_type": "minecraft:single_pool_element"
      }
    },
    {
      "weight": 1,
      "element": {
        "location": "epa:catacombs/big_corridor/treasure/right_short",
        "processors": "epa:catacombs/gravel_iron",
        "projection": "rigid",
        "element_type": "minecraft:single_pool_element"
      }
    },
    {
      "weight": 1,
      "element": {
        "location": "epa:catacombs/big_corridor/treasure/right_long",
        "processors": "epa:catacombs/gravel_iron",
        "projection": "rigid",
        "element_type": "minecraft:single_pool_element"
      }
    },
    {
      "weight": 1,
      "element": {
        "location": "epa:catacombs/big_corridor/treasure/left_long",
        "processors": "epa:catacombs/gravel_iron",
        "projection": "rigid",
        "element_type": "minecraft:single_pool_element"
      }
    },
    {
      "weight": 1,
      "element": {
        "location": "epa:catacombs/big_corridor/treasure/straight_medium",
        "processors": "epa:catacombs/gravel_iron",
        "projection": "rigid",
        "element_type": "minecraft:single_pool_element"
      }
    },
    {
      "weight": 1,
      "element": {
        "location": "epa:catacombs/big_corridor/treasure/left_longer",
        "processors": "epa:catacombs/gravel_iron",
        "projection": "rigid",
        "element_type": "minecraft:single_pool_element"
      }
    },
    {
      "weight": 1,
      "element": {
        "location": "epa:catacombs/big_corridor/treasure/left_short",
        "processors": "epa:catacombs/gravel_iron",
        "projection": "rigid",
        "element_type": "minecraft:single_pool_element"
      }
    }
  ]
}