{
  "name": "epa:catacombs/big_corridors_ritual",
  "fallback": "minecraft:empty",
  "elements": [
    {
      "weight": 1,
      "element": {
        "location": "epa:catacombs/big_corridor/ritual/straight_short",
        "processors": "epa:catacombs/gravel_iron",
        "projection": "rigid",
        "element_type": "minecraft:single_pool_element"
      }
    },
    {
      "weight": 1,
      "element": {
        "location": "epa:catacombs/big_corridor/ritual/straight_long",
        "processors": "epa:catacombs/gravel_iron",
        "projection": "rigid",
        "element_type": "minecraft:single_pool_element"
      }
    },
    {
      "weight": 1,
      "element": {
        "location": "epa:catacombs/big_corridor/ritual/right_short",
        "processors": "epa:catacombs/gravel_iron",
        "projection": "rigid",
        "element_type": "minecraft:single_pool_element"
      }
    },
    {
      "weight": 1,
      "element": {
        "location": "epa:catacombs/big_corridor/ritual/right_long",
        "processors": "epa:catacombs/gravel_iron",
        "projection": "rigid",
        "element_type": "minecraft:single_pool_element"
      }
    },
    {
      "weight": 1,
      "element": {
        "location": "epa:catacombs/big_corridor/ritual/left_long",
        "processors": "epa:catacombs/gravel_iron",
        "projection": "rigid",
        "element_type": "minecraft:single_pool_element"
      }
    },
    {
      "weight": 1,
      "element": {
        "location": "epa:catacombs/big_corridor/ritual/straight_medium",
        "processors": "epa:catacombs/gravel_iron",
        "projection": "rigid",
        "element_type": "minecraft:single_pool_element"
      }
    },
    {
      "weight": 1,
      "element": {
        "location": "epa:catacombs/big_corridor/ritual/left_longer",
        "processors": "epa:catacombs/gravel_iron",
        "projection": "rigid",
        "element_type": "minecraft:single_pool_element"
      }
    },
    {
      "weight": 1,
      "element": {
        "location": "epa:catacombs/big_corridor/ritual/left_short",
        "processors": "epa:catacombs/gravel_iron",
        "projection": "rigid",
        "element_type": "minecraft:single_pool_element"
      }
    }
  ]
}