{
    "name": "epa:catacombs/big_treasure",
    "fallback": "minecraft:empty",
    "elements": [
      {
        "weight": 1,
        "element": {
          "projection": "rigid",
          "element_type": "minecraft:list_pool_element",
          "elements": [
            {
              "location": "epa:catacombs/big_treasure/bones_base",
              "processors": "epa:catacombs/gravel_iron",
              "projection": "rigid",
              "element_type": "minecraft:single_pool_element"
            },
            {
              "location": "epa:catacombs/big_treasure/bones_detail",
              "processors": "epa:catacombs/gravel_iron",
              "projection": "rigid",
              "element_type": "minecraft:single_pool_element"
            }
          ]
        }
      },
      {
        "weight": 1,
        "element": {
          "projection": "rigid",
          "element_type": "minecraft:list_pool_element",
          "elements": [
            {
              "location": "epa:catacombs/big_treasure/forge_base",
              "processors": "epa:catacombs/gravel_iron",
              "projection": "rigid",
              "element_type": "minecraft:single_pool_element"
            },
            {
              "location": "epa:catacombs/big_treasure/forge_detail",
              "processors": "epa:catacombs/gravel_iron",
              "projection": "rigid",
              "element_type": "minecraft:single_pool_element"
            }
          ]
        }
      },
      {
        "weight": 1,
        "element": {
          "projection": "rigid",
          "element_type": "minecraft:list_pool_element",
          "elements": [
            {
              "location": "epa:catacombs/big_treasure/gravel_base",
              "processors": "epa:catacombs/gravel_iron",
              "projection": "rigid",
              "element_type": "minecraft:single_pool_element"
            },
            {
              "location": "epa:catacombs/big_treasure/gravel_detail",
              "processors": "epa:catacombs/gravel_iron",
              "projection": "rigid",
              "element_type": "minecraft:single_pool_element"
            }
          ]
        }
      },
      {
        "weight": 1,
        "element": {
          "projection": "rigid",
          "element_type": "minecraft:list_pool_element",
          "elements": [
            {
              "location": "epa:catacombs/big_treasure/library_base",
              "processors": "epa:catacombs/gravel_iron",
              "projection": "rigid",
              "element_type": "minecraft:single_pool_element"
            },
            {
              "location": "epa:catacombs/big_treasure/library_detail",
              "processors": "epa:catacombs/gravel_iron",
              "projection": "rigid",
              "element_type": "minecraft:single_pool_element"
            }
          ]
        }
      },
      {
        "weight": 1,
        "element": {
          "projection": "rigid",
          "element_type": "minecraft:list_pool_element",
          "elements": [
            {
              "location": "epa:catacombs/big_treasure/water_base",
              "processors": "epa:catacombs/gravel_iron",
              "projection": "rigid",
              "element_type": "minecraft:single_pool_element"
            },
            {
              "location": "epa:catacombs/big_treasure/water_detail",
              "processors": "epa:catacombs/gravel_iron",
              "projection": "rigid",
              "element_type": "minecraft:single_pool_element"
            }
          ]
        }
      },
      {
        "weight": 1,
        "element": {
          "projection": "rigid",
          "element_type": "minecraft:list_pool_element",
          "elements": [
            {
              "location": "epa:catacombs/big_treasure/wood_base",
              "processors": "epa:catacombs/gravel_iron",
              "projection": "rigid",
              "element_type": "minecraft:single_pool_element"
            },
            {
              "location": "epa:catacombs/big_treasure/wood_detail",
              "processors": "epa:catacombs/gravel_iron",
              "projection": "rigid",
              "element_type": "minecraft:single_pool_element"
            }
          ]
        }
      }
    ]
  }