{
    "name": "epa:catacombs/big_treasure",
    "fallback": "minecraft:empty",
    "elements": [
      {
        "weight": 1,
        "element": {
          "location": "epa:catacombs/big_treasure/bones",
          "processors": "epa:catacombs/gravel_iron",
          "projection": "rigid",
          "element_type": "minecraft:single_pool_element"
        }
      },
      {
        "weight": 1,
        "element": {
          "location": "epa:catacombs/big_treasure/forge",
          "processors": "epa:catacombs/gravel_iron",
          "projection": "rigid",
          "element_type": "minecraft:single_pool_element"
        }
      },
      {
        "weight": 1,
        "element": {
          "location": "epa:catacombs/big_treasure/gravel",
          "processors": "epa:catacombs/gravel_iron",
          "projection": "rigid",
          "element_type": "minecraft:single_pool_element"
        }
      },
      {
        "weight": 1,
        "element": {
          "location": "epa:catacombs/big_treasure/library",
          "processors": "epa:catacombs/gravel_iron",
          "projection": "rigid",
          "element_type": "minecraft:single_pool_element"
        }
      },
      {
        "weight": 1,
        "element": {
          "location": "epa:catacombs/big_treasure/water",
          "processors": "epa:catacombs/gravel_iron",
          "projection": "rigid",
          "element_type": "minecraft:single_pool_element"
        }
      },
      {
        "weight": 1,
        "element": {
          "location": "epa:catacombs/big_treasure/wood",
          "processors": "epa:catacombs/gravel_iron",
          "projection": "rigid",
          "element_type": "minecraft:single_pool_element"
        }
      }
    ]
  }