{
    "name": "epa:catacombs/junctions",
    "fallback": "minecraft:empty",
    "elements": [
      {
        "weight": 1,
        "element": {
          "location": "epa:catacombs/junction/maze",
          "processors": "epa:catacombs/gravel_iron",
          "projection": "rigid",
          "element_type": "minecraft:single_pool_element"
        }
      },
      {
        "weight": 1,
        "element": {
          "location": "epa:catacombs/junction/flooded",
          "processors": "epa:catacombs/gravel_iron",
          "projection": "rigid",
          "element_type": "minecraft:single_pool_element"
        }
      },
      {
        "weight": 1,
        "element": {
          "location": "epa:catacombs/junction/mine",
          "processors": "epa:catacombs/gravel_iron",
          "projection": "rigid",
          "element_type": "minecraft:single_pool_element"
        }
      }
    ]
  }