{
    "name": "epa:catacombs/junctions",
    "fallback": "minecraft:empty",
    "elements": [
      {
        "weight": 1,
        "element": {
          "projection": "rigid",
          "element_type": "minecraft:list_pool_element",
          "elements": [
            {
              "location": "epa:catacombs/junction/maze_base",
              "processors": "epa:catacombs/gravel_iron",
              "projection": "rigid",
              "element_type": "minecraft:single_pool_element"
            },
            {
              "location": "epa:catacombs/junction/maze_detail",
              "processors": "epa:catacombs/gravel_iron",
              "projection": "rigid",
              "element_type": "minecraft:single_pool_element"
            }
          ]
        }
      },
      {
        "weight": 1,
        "element": {
          "projection": "rigid",
          "element_type": "minecraft:list_pool_element",
          "elements": [
            {
              "location": "epa:catacombs/junction/flooded_base",
              "processors": "epa:catacombs/gravel_iron",
              "projection": "rigid",
              "element_type": "minecraft:single_pool_element"
            },
            {
              "location": "epa:catacombs/junction/flooded_detail",
              "processors": "epa:catacombs/gravel_iron",
              "projection": "rigid",
              "element_type": "minecraft:single_pool_element"
            }
          ]
        }
      },
      {
        "weight": 1,
        "element": {
          "projection": "rigid",
          "element_type": "minecraft:list_pool_element",
          "elements": [
            {
              "location": "epa:catacombs/junction/mine_base",
              "processors": "epa:catacombs/gravel_iron",
              "projection": "rigid",
              "element_type": "minecraft:single_pool_element"
            },
            {
              "location": "epa:catacombs/junction/mine_detail",
              "processors": "epa:catacombs/gravel_iron",
              "projection": "rigid",
              "element_type": "minecraft:single_pool_element"
            }
          ]
        }
      }
    ]
  }