{
    "name": "epa:catacombs/ritual",
    "fallback": "minecraft:empty",
    "elements": [
      {
        "weight": 1,
        "element": {
          "projection": "rigid",
          "element_type": "minecraft:list_pool_element",
          "elements": [
            {
              "location": "epa:catacombs/big_treasure/ritual_base",
              "processors": "minecraft:empty",
              "projection": "rigid",
              "element_type": "minecraft:single_pool_element"
            },
            {
              "location": "epa:catacombs/big_treasure/ritual_detail",
              "processors": "minecraft:empty",
              "projection": "rigid",
              "element_type": "minecraft:single_pool_element"
            }
          ]
        }
      }
    ]
  }