{
    "name": "epa:catacombs/skeleton_heavy",
    "fallback": "minecraft:empty",
    "elements": [
      {
        "weight": 1,
        "element": {
          "location": "epa:catacombs/mob/skeleton/heavy0",
          "processors": "minecraft:empty",
          "projection": "rigid",
          "element_type": "minecraft:single_pool_element"
        }
      },
      {
        "weight": 1,
        "element": {
          "location": "epa:catacombs/mob/skeleton/heavy1",
          "processors": "minecraft:empty",
          "projection": "rigid",
          "element_type": "minecraft:single_pool_element"
        }
      },
      {
        "weight": 1,
        "element": {
          "location": "epa:catacombs/mob/skeleton/heavy2",
          "processors": "minecraft:empty",
          "projection": "rigid",
          "element_type": "minecraft:single_pool_element"
        }
      }
    ]
  }