{
  "name": "epa:catacombs/small_treasure",
  "fallback": "minecraft:empty",
  "elements": [
    {
      "weight": 1,
      "element": {
        "location": "epa:catacombs/small_treasure/gold",
        "processors": "epa:catacombs/gravel_iron",
        "projection": "rigid",
        "element_type": "minecraft:single_pool_element"
      }
    },
    {
      "weight": 1,
      "element": {
        "location": "epa:catacombs/small_treasure/bones_small",
        "processors": "epa:catacombs/gravel_iron",
        "projection": "rigid",
        "element_type": "minecraft:single_pool_element"
      }
    },
    {
      "weight": 1,
      "element": {
        "location": "epa:catacombs/small_treasure/bones_big",
        "processors": "epa:catacombs/gravel_iron",
        "projection": "rigid",
        "element_type": "minecraft:single_pool_element"
      }
    },
    {
      "weight": 1,
      "element": {
        "location": "epa:catacombs/small_treasure/gravel",
        "processors": "epa:catacombs/gravel_iron",
        "projection": "rigid",
        "element_type": "minecraft:single_pool_element"
      }
    },
    {
      "weight": 1,
      "element": {
        "location": "epa:catacombs/small_treasure/books",
        "processors": "epa:catacombs/gravel_iron",
        "projection": "rigid",
        "element_type": "minecraft:single_pool_element"
      }
    },
    {
      "weight": 1,
      "element": {
        "location": "epa:catacombs/small_treasure/bars",
        "processors": "epa:catacombs/gravel_iron",
        "projection": "rigid",
        "element_type": "minecraft:single_pool_element"
      }
    },
    {
      "weight": 1,
      "element": {
        "location": "epa:catacombs/small_treasure/forge",
        "processors": "epa:catacombs/gravel_iron",
        "projection": "rigid",
        "element_type": "minecraft:single_pool_element"
      }
    },
    {
      "weight": 1,
      "element": {
        "location": "epa:catacombs/small_treasure/gravel_bones",
        "processors": "epa:catacombs/gravel_iron",
        "projection": "rigid",
        "element_type": "minecraft:single_pool_element"
      }
    }
  ]
}