{
  "name": "epa:catacombs/small_corridors",
  "fallback": "minecraft:empty",
  "elements": [
    {
      "weight": 1,
      "element": {
        "location": "epa:catacombs/small_corridor/base",
        "processors": "epa:catacombs/gravel_iron",
        "projection": "rigid",
        "element_type": "minecraft:single_pool_element"
      }
    },
    {
      "weight": 1,
      "element": {
        "location": "epa:catacombs/small_corridor/base_long0",
        "processors": "epa:catacombs/gravel_iron",
        "projection": "rigid",
        "element_type": "minecraft:single_pool_element"
      }
    },
    {
      "weight": 1,
      "element": {
        "location": "epa:catacombs/small_corridor/base_long1",
        "processors": "epa:catacombs/gravel_iron",
        "projection": "rigid",
        "element_type": "minecraft:single_pool_element"
      }
    },
    {
      "weight": 1,
      "element": {
        "location": "epa:catacombs/small_corridor/gravel0",
        "processors": "epa:catacombs/gravel_iron",
        "projection": "rigid",
        "element_type": "minecraft:single_pool_element"
      }
    },
    {
      "weight": 1,
      "element": {
        "location": "epa:catacombs/small_corridor/bones",
        "processors": "epa:catacombs/gravel_iron",
        "projection": "rigid",
        "element_type": "minecraft:single_pool_element"
      }
    },
    {
      "weight": 1,
      "element": {
        "location": "epa:catacombs/small_corridor/bones_long",
        "processors": "epa:catacombs/gravel_iron",
        "projection": "rigid",
        "element_type": "minecraft:single_pool_element"
      }
    },
    {
      "weight": 1,
      "element": {
        "location": "epa:catacombs/small_corridor/gravel1",
        "processors": "epa:catacombs/gravel_iron",
        "projection": "rigid",
        "element_type": "minecraft:single_pool_element"
      }
    },
    {
      "weight": 1,
      "element": {
        "location": "epa:catacombs/small_corridor/wood0",
        "processors": "epa:catacombs/gravel_iron",
        "projection": "rigid",
        "element_type": "minecraft:single_pool_element"
      }
    },
    {
      "weight": 1,
      "element": {
        "location": "epa:catacombs/small_corridor/wood1",
        "processors": "epa:catacombs/gravel_iron",
        "projection": "rigid",
        "element_type": "minecraft:single_pool_element"
      }
    },
    {
      "weight": 1,
      "element": {
        "location": "epa:catacombs/small_corridor/fountain_big",
        "processors": "epa:catacombs/gravel_iron",
        "projection": "rigid",
        "element_type": "minecraft:single_pool_element"
      }
    },
    {
      "weight": 1,
      "element": {
        "location": "epa:catacombs/small_corridor/fountain_small",
        "processors": "epa:catacombs/gravel_iron",
        "projection": "rigid",
        "element_type": "minecraft:single_pool_element"
      }
    },
    {
      "weight": 1,
      "element": {
        "location": "epa:catacombs/small_corridor/fountain_split",
        "processors": "epa:catacombs/gravel_iron",
        "projection": "rigid",
        "element_type": "minecraft:single_pool_element"
      }
    },
    {
      "weight": 1,
      "element": {
        "location": "epa:catacombs/small_corridor/bars",
        "processors": "epa:catacombs/gravel_iron",
        "projection": "rigid",
        "element_type": "minecraft:single_pool_element"
      }
    }
  ]
}