{
  "name": "epa:catacombs/ritual",
  "fallback": "minecraft:empty",
  "elements": [
    {
      "weight": 1,
      "element": {
        "projection": "rigid",
        "element_type": "minecraft:list_pool_element",
        "elements": [
          {
            "location": "epa:catacombs/staircase_base",
            "processors": "minecraft:empty",
            "projection": "rigid",
            "element_type": "minecraft:single_pool_element"
          },
          {
            "location": "epa:catacombs/staircase_detail",
            "processors": "minecraft:empty",
            "projection": "rigid",
            "element_type": "minecraft:single_pool_element"
          }
        ]
      }
    }
  ]
}