{
	"credit": "Made with Blockbench",
	"textures": {
		"0": "epa:item/copper_gauntlet",
		"particle": "epa:item/copper_gauntlet"
	},
	"elements": [
		{
			"from": [5.5, 6.5, 3],
			"to": [10.5, 10.5, 6],
			"faces": {
				"north": {"uv": [3, 3, 8, 7], "texture": "#0"},
				"east": {"uv": [0, 3, 3, 7], "texture": "#0"},
				"south": {"uv": [11, 3, 16, 7], "texture": "#0"},
				"west": {"uv": [8, 3, 11, 7], "texture": "#0"},
				"up": {"uv": [8, 3, 3, 0], "texture": "#0"},
				"down": {"uv": [8, 0, 13, 3], "rotation": 180, "texture": "#0"}
			}
		},
		{
			"from": [8, 5.51, 5],
			"to": [10, 6.51, 6],
			"faces": {
				"north": {"uv": [3, 7, 5, 8], "texture": "#0"},
				"east": {"uv": [1, 7, 2, 8], "texture": "#0"},
				"south": {"uv": [14, 7, 16, 8], "texture": "#0"},
				"down": {"uv": [8, 2, 10, 3], "rotation": 180, "texture": "#0"}
			}
		},
		{
			"from": [5.5, 5.5, 4],
			"to": [8.5, 6.5, 6],
			"faces": {
				"north": {"uv": [5, 7, 8, 8], "texture": "#0"},
				"east": {"uv": [1, 7, 3, 8], "texture": "#0"},
				"south": {"uv": [11, 7, 14, 8], "texture": "#0"},
				"west": {"uv": [8, 7, 10, 8], "texture": "#0"},
				"down": {"uv": [10, 1, 13, 3], "rotation": 180, "texture": "#0"}
			}
		},
		{
			"from": [5.5, 5.5, 7],
			"to": [10.5, 10.5, 8],
			"faces": {
				"north": {"uv": [10, 10, 15, 15], "texture": "#0"},
				"east": {"uv": [15, 10, 16, 15], "texture": "#0"},
				"south": {"uv": [10, 10, 15, 15], "texture": "#0"},
				"west": {"uv": [9, 10, 10, 15], "texture": "#0"},
				"up": {"uv": [10, 9, 15, 10], "texture": "#0"},
				"down": {"uv": [10, 15, 15, 16], "texture": "#0"}
			}
		},
		{
			"from": [10, 6, 6],
			"to": [10, 10, 12],
			"faces": {
				"north": {"uv": [0, 0, 0, 4], "texture": "#missing"},
				"east": {"uv": [6, 9, 0, 13], "texture": "#0"},
				"south": {"uv": [0, 0, 0, 4], "texture": "#missing"},
				"west": {"uv": [0, 9, 6, 13], "texture": "#0"},
				"up": {"uv": [0, 0, 0, 6], "texture": "#missing"},
				"down": {"uv": [0, 0, 0, 6], "texture": "#missing"}
			}
		},
		{
			"from": [6, 6, 6],
			"to": [6, 10, 12],
			"faces": {
				"north": {"uv": [0, 0, 0, 4], "texture": "#missing"},
				"east": {"uv": [0, 13, 6, 9], "rotation": 180, "texture": "#0"},
				"south": {"uv": [0, 0, 0, 4], "texture": "#missing"},
				"west": {"uv": [0, 9, 6, 13], "texture": "#0"},
				"up": {"uv": [0, 0, 0, 6], "texture": "#missing"},
				"down": {"uv": [0, 0, 0, 6], "texture": "#missing"}
			}
		},
		{
			"from": [6, 6, 6],
			"to": [10, 6, 12],
			"rotation": {"angle": 0, "axis": "z", "origin": [8, 8, 10]},
			"faces": {
				"north": {"uv": [0, 0, 0, 4], "rotation": 90, "texture": "#missing"},
				"east": {"uv": [0, 0, 0, 6], "rotation": 270, "texture": "#missing"},
				"south": {"uv": [0, 0, 0, 4], "rotation": 270, "texture": "#missing"},
				"west": {"uv": [0, 0, 0, 6], "rotation": 270, "texture": "#missing"},
				"up": {"uv": [0, 13, 6, 9], "rotation": 90, "texture": "#0"},
				"down": {"uv": [0, 9, 6, 13], "rotation": 270, "texture": "#0"}
			}
		},
		{
			"from": [6, 10, 6],
			"to": [10, 10, 12],
			"rotation": {"angle": 0, "axis": "z", "origin": [8, 8, 10]},
			"faces": {
				"north": {"uv": [0, 0, 0, 4], "rotation": 90, "texture": "#missing"},
				"east": {"uv": [0, 0, 0, 6], "rotation": 270, "texture": "#missing"},
				"south": {"uv": [0, 0, 0, 4], "rotation": 270, "texture": "#missing"},
				"west": {"uv": [0, 0, 0, 6], "rotation": 270, "texture": "#missing"},
				"up": {"uv": [0, 9, 6, 13], "rotation": 90, "texture": "#0"},
				"down": {"uv": [0, 13, 6, 9], "rotation": 270, "texture": "#0"}
			}
		}
	],
	"display": {
		"thirdperson_righthand": {
			"translation": [0, -2, 3],
			"scale": [1.01, 1.01, 1.01]
		},
		"thirdperson_lefthand": {
			"translation": [0, -2, 4],
			"scale": [1.01, 1.01, 1.01]
		},
		"firstperson_righthand": {
			"rotation": [13.25, -6.14, 2.84],
			"translation": [-0.75, 1.25, 0]
		},
		"firstperson_lefthand": {
			"rotation": [13.25, -6.14, 2.84],
			"translation": [-0.75, 1.25, 0]
		},
		"ground": {
			"translation": [0, 2, 0],
			"scale": [0.5, 0.5, 0.5]
		},
		"gui": {
			"rotation": [-143.21, 32.02, 160.83],
			"translation": [0.75, 0, 0],
			"scale": [1.4, 1.4, 1.4]
		},
		"fixed": {
			"rotation": [0, -90, 0],
			"translation": [-0.75, 0, -1],
			"scale": [1.3, 1.3, 1.3]
		}
	}
}