{
    "name": "epa:graveyard/large_grave",
    "fallback": "minecraft:empty",
    "elements": [
      {
        "weight": 1,
        "element": {
          "location": "epa:graveyard/graves/large/brick_cross",
          "processors": "epa:graveyard/suspicious_gravel",
          "projection": "rigid",
          "element_type": "minecraft:single_pool_element"
        }
      },
      {
        "weight": 1,
        "element": {
          "location": "epa:graveyard/graves/large/brick_headstone",
          "processors": "epa:graveyard/suspicious_gravel",
          "projection": "rigid",
          "element_type": "minecraft:single_pool_element"
        }
      },
      {
        "weight": 1,
        "element": {
          "location": "epa:graveyard/graves/large/brick_slab",
          "processors": "epa:graveyard/suspicious_gravel",
          "projection": "rigid",
          "element_type": "minecraft:single_pool_element"
        }
      },
      {
        "weight": 1,
        "element": {
          "location": "epa:graveyard/graves/large/brick_thin_headstone",
          "processors": "epa:graveyard/suspicious_gravel",
          "projection": "rigid",
          "element_type": "minecraft:single_pool_element"
        }
      },
      {
        "weight": 1,
        "element": {
          "location": "epa:graveyard/graves/large/brick_thin_slab",
          "processors": "epa:graveyard/suspicious_gravel",
          "projection": "rigid",
          "element_type": "minecraft:single_pool_element"
        }
      },
      {
        "weight": 1,
        "element": {
          "location": "epa:graveyard/graves/large/cobble_cross",
          "processors": "epa:graveyard/suspicious_gravel",
          "projection": "rigid",
          "element_type": "minecraft:single_pool_element"
        }
      },
      {
        "weight": 1,
        "element": {
          "location": "epa:graveyard/graves/large/cobble_headstone",
          "processors": "epa:graveyard/suspicious_gravel",
          "projection": "rigid",
          "element_type": "minecraft:single_pool_element"
        }
      },
      {
        "weight": 1,
        "element": {
          "location": "epa:graveyard/graves/large/cobble_slab",
          "processors": "epa:graveyard/suspicious_gravel",
          "projection": "rigid",
          "element_type": "minecraft:single_pool_element"
        }
      },
      {
        "weight": 1,
        "element": {
          "location": "epa:graveyard/graves/large/cobble_thin_headstone",
          "processors": "epa:graveyard/suspicious_gravel",
          "projection": "rigid",
          "element_type": "minecraft:single_pool_element"
        }
      },
      {
        "weight": 1,
        "element": {
          "location": "epa:graveyard/graves/large/cobble_thin_slab",
          "processors": "epa:graveyard/suspicious_gravel",
          "projection": "rigid",
          "element_type": "minecraft:single_pool_element"
        }
      }
    ]
  }