{
    "name": "epa:graveyard/small_grave",
    "fallback": "minecraft:empty",
    "elements": [
      {
        "weight": 1,
        "element": {
          "location": "epa:graveyard/graves/small/brick_headstone",
          "processors": "epa:natural_grave/demossifier",
          "projection": "rigid",
          "element_type": "minecraft:single_pool_element"
        }
      },
      {
        "weight": 1,
        "element": {
          "location": "epa:graveyard/graves/small/brick_pole",
          "processors": "epa:natural_grave/demossifier",
          "projection": "rigid",
          "element_type": "minecraft:single_pool_element"
        }
      },
      {
        "weight": 1,
        "element": {
          "location": "epa:graveyard/graves/small/brick_raised",
          "processors": "epa:natural_grave/demossifier",
          "projection": "rigid",
          "element_type": "minecraft:single_pool_element"
        }
      },
      {
        "weight": 1,
        "element": {
          "location": "epa:graveyard/graves/small/brick_slab",
          "processors": "epa:natural_grave/demossifier",
          "projection": "rigid",
          "element_type": "minecraft:single_pool_element"
        }
      },
      {
        "weight": 1,
        "element": {
          "location": "epa:graveyard/graves/small/brick_thin_headstone",
          "processors": "epa:natural_grave/demossifier",
          "projection": "rigid",
          "element_type": "minecraft:single_pool_element"
        }
      },
      {
        "weight": 1,
        "element": {
          "location": "epa:graveyard/graves/small/cobble_headstone",
          "processors": "epa:natural_grave/demossifier",
          "projection": "rigid",
          "element_type": "minecraft:single_pool_element"
        }
      },
      {
        "weight": 1,
        "element": {
          "location": "epa:graveyard/graves/small/cobble_pole",
          "processors": "epa:natural_grave/demossifier",
          "projection": "rigid",
          "element_type": "minecraft:single_pool_element"
        }
      },
      {
        "weight": 1,
        "element": {
          "location": "epa:graveyard/graves/small/cobble_raised",
          "processors": "epa:natural_grave/demossifier",
          "projection": "rigid",
          "element_type": "minecraft:single_pool_element"
        }
      },
      {
        "weight": 1,
        "element": {
          "location": "epa:graveyard/graves/small/cobble_slab",
          "processors": "epa:natural_grave/demossifier",
          "projection": "rigid",
          "element_type": "minecraft:single_pool_element"
        }
      },
      {
        "weight": 1,
        "element": {
          "location": "epa:graveyard/graves/small/cobble_thin_headstone",
          "processors": "epa:natural_grave/demossifier",
          "projection": "rigid",
          "element_type": "minecraft:single_pool_element"
        }
      }
    ]
  }