{
  "processors": [
    {
      "processor_type": "minecraft:rule",
      "rules": [
        {
          "location_predicate": {
            "predicate_type": "minecraft:always_true"
          },
          "input_predicate": {
            "predicate_type": "minecraft:random_block_match",
            "block": "minecraft:mossy_cobblestone",
            "probability": 0.15
          },
          "output_state": {
            "Name": "minecraft:cobblestone"
          }
        },
        {
          "location_predicate": {
            "predicate_type": "minecraft:always_true"
          },
          "input_predicate": {
            "predicate_type": "minecraft:random_block_match",
            "block": "minecraft:mossy_cobblestone_slab",
            "probability": 0.15
          },
          "output_state": {
            "Name": "minecraft:cobblestone_slab"
          }
        },
        {
          "location_predicate": {
            "predicate_type": "minecraft:always_true"
          },
          "input_predicate": {
            "predicate_type": "minecraft:random_block_match",
            "block": "minecraft:mossy_cobblestone_wall",
            "probability": 0.15
          },
          "output_state": {
            "Name": "minecraft:cobblestone_wall"
          }
        },
        {
          "location_predicate": {
            "predicate_type": "minecraft:always_true"
          },
          "input_predicate": {
            "predicate_type": "minecraft:random_block_match",
            "block": "minecraft:mossy_stone_bricks",
            "probability": 0.15
          },
          "output_state": {
            "Name": "minecraft:stone_bricks"
          }
        },
        {
          "location_predicate": {
            "predicate_type": "minecraft:always_true"
          },
          "input_predicate": {
            "predicate_type": "minecraft:random_block_match",
            "block": "minecraft:mossy_stone_brick_wall",
            "probability": 0.15
          },
          "output_state": {
            "Name": "minecraft:stone_brick_wall"
          }
        }
      ]
    }
  ]
}
