{
    "display": {
      "icon": {
        "item": "minecraft:structure_block",
        "nbt": "{CustomModelData:9900030}"
      },
      "title": {
        "translate": "advancements.epa.main.bottle_molotov.title"
      },
      "description": {
        "translate": "advancements.epa.main.bottle_molotov.description",
        "color": "green"
      },
      "frame": "task",
      "show_toast": true,
      "announce_to_chat": true,
      "hidden": false
    },
    "parent": "epa:gameplay/main/bottle_hex",
    "criteria": {
      "requirement": {
        "trigger": "minecraft:inventory_changed",
        "conditions": {
          "items": [
            {
              "items": [
                "minecraft:structure_block"
              ],
              "nbt": "{epa:{id:\"epa:molotov\"}}"
            }
          ]
        }
      }
    }
  }
  