{
    "display": {
      "icon": {
        "item": "minecraft:skeleton_skull"
      },
      "title": {
        "translate": "advancements.epa.main.catacombs.title"
      },
      "description": {
        "translate": "advancements.epa.main.catacombs.description",
        "color": "green"
      },
      "frame": "task",
      "show_toast": true,
      "announce_to_chat": true,
      "hidden": true
    },
    "parent": "epa:gameplay/main/maps",
    "criteria": {
      "requirement": {
        "trigger": "minecraft:location",
        "conditions": {
          "player": [
            {
              "condition": "minecraft:entity_properties",
              "entity": "this",
              "predicate": {
                "stepping_on": {
                  "structure": "epa:catacombs"
                }
              }
            }
          ]
        }
      }
    }
  }
  