{
    "display": {
      "icon": {
        "item": "minecraft:carrot_on_a_stick",
        "nbt": "{CustomModelData:9900000}"
      },
      "title": {
        "translate": "advancements.epa.main.copper_gauntlet.title"
      },
      "description": {
        "translate": "advancements.epa.main.copper_gauntlet.description",
        "color": "green"
      },
      "frame": "task",
      "show_toast": true,
      "announce_to_chat": true,
      "hidden": false
    },
    "parent": "epa:gameplay/main/catacombs",
    "criteria": {
      "requirement": {
        "trigger": "minecraft:inventory_changed",
        "conditions": {
          "items": [
            {
              "items": [
                "minecraft:carrot_on_a_stick"
              ],
              "nbt": "{epa:{id:\"epa:copper_gauntlet\"}}"
            }
          ]
        }
      }
    }
  }
  