{
    "display": {
      "icon": {
        "item": "minecraft:structure_block",
        "nbt": "{CustomModelData:9900000,Enchantments:[{}]}"
      },
      "title": {
        "translate": "advancements.epa.main.imbue_tome.title"
      },
      "description": {
        "translate": "advancements.epa.main.imbue_tome.description",
        "color": "green"
      },
      "frame": "task",
      "show_toast": true,
      "announce_to_chat": true,
      "hidden": false
    },
    "parent": "epa:gameplay/main/runic_dagger",
    "criteria": {
      "requirement": {
        "trigger": "minecraft:inventory_changed",
        "conditions": {
          "items": [
            {
              "items": [
                "minecraft:structure_block"
              ],
              "nbt": "{epa:{id:\"epa:focusing_tome\",imbued:1b}}"
            }
          ]
        }
      }
    }
  }
  