{
  "display": {
    "icon": {
      "item": "minecraft:compass"
    },
    "title": "Explorer's Advent",
    "description": {
      "translate": "advancements.epa.main.root.description",
      "color": "green"
    },
    "background": "epa:textures/gui/advancements/backgrounds/main.png",
    "frame": "task",
    "show_toast": false,
    "announce_to_chat": false,
    "hidden": false
  },
  "criteria": {
    "requirement": {
      "trigger": "minecraft:tick",
      "conditions": {}
    }
  }
}
