{
    "display": {
      "icon": {
        "item": "minecraft:furnace",
        "nbt": "{CustomModelData:9900000}"
      },
      "title": {
        "text": "Enchanter",
        "font": "alt"
      },
      "description": {
        "translate": "advancements.epa.main.runic_enchanter.description",
        "color": "green"
      },
      "frame": "task",
      "show_toast": true,
      "announce_to_chat": true,
      "hidden": false
    },
    "parent": "epa:gameplay/main/catacombs",
    "criteria": {
      "requirement": {
        "trigger": "minecraft:impossible"
      }
    }
  }
  