{
  "type": "minecraft:chest",
  "pools": [
    {
      "rolls": {
        "min": 2,
        "max": 4
      },
      "bonus_rolls": 0,
      "entries": [
        {
          "type": "minecraft:item",
          "name": "minecraft:bone"
        }
      ]
    },
    {
      "rolls": 1,
      "entries": [
        {
          "type": "minecraft:item",
          "name": "minecraft:skeleton_skull"
        }
      ],
      "conditions": [
        {
          "condition": "minecraft:random_chance",
          "chance": 0.33
        }
      ]
    },
    {
      "rolls": {
        "min": 2,
        "max": 6
      },
      "entries": [
        {
          "type": "minecraft:item",
          "name": "minecraft:paper"
        }
      ]
    },
    {
      "rolls": {
        "min": 1,
        "max": 3
      },
      "entries": [
        {
          "type": "minecraft:item",
          "name": "minecraft:book"
        }
      ]
    },
    {
      "rolls": {
        "min": 2,
        "max": 3
      },
      "entries": [
        {
          "type": "minecraft:loot_table",
          "weight": 1,
          "name": "epa:item/focusing_tome"
        },
        {
          "type": "minecraft:item",
          "weight": 2,
          "name": "minecraft:book",
          "functions": [
            {
              "function": "minecraft:enchant_with_levels",
              "levels": 16
            }
          ]
        }
      ]
    },
    {
      "rolls": 1,
      "entries": [
        {
          "type": "minecraft:item",
          "name": "minecraft:emerald",
          "functions": [
            {
              "function": "minecraft:set_count",
              "count": {
                "min": 1,
                "max": 2
              }
            }
          ]
        },
        {
          "type": "minecraft:item",
          "name": "minecraft:experience_bottle",
          "functions": [
            {
              "function": "minecraft:set_count",
              "count": {
                "min": 2,
                "max": 4
              }
            }
          ]
        },
        {
          "type": "minecraft:item",
          "name": "minecraft:name_tag",
          "functions": [
            {
              "function": "minecraft:set_count",
              "count": {
                "min": 1,
                "max": 3
              }
            }
          ]
        }
      ],
      "conditions": [
        {
          "condition": "minecraft:random_chance",
          "chance": 0.75
        }
      ]
    }
  ]
}
