{
  "parent": "minecraft:item/generated",
  "textures": {
    "layer0": "minecraft:item/barrier"
  },
  "overrides": [
    { "predicate": { "custom_model_data": 9900000 }, "model": "epa:block/loot_pot" },

    { "predicate": { "custom_model_data": 9900010 }, "model": "epa:block/altar" },
    { "predicate": { "custom_model_data": 9900011 }, "model": "epa:block/altar_activated" },


    { "predicate": { "custom_model_data": 9901000 }, "model": "epa:entity/roly_bones" },
    { "predicate": { "custom_model_data": 9901001 }, "model": "epa:entity/roly_bones_moving" },
    { "predicate": { "custom_model_data": 9901002 }, "model": "epa:entity/roly_bones_hurt" },
    { "predicate": { "custom_model_data": 9901003 }, "model": "epa:entity/roly_bones_hurt_moving" },

    { "predicate": { "custom_model_data": 9901010 }, "model": "epa:entity/banshee" },
    { "predicate": { "custom_model_data": 9901011 }, "model": "epa:entity/banshee_hurt" },

    { "predicate": { "custom_model_data": 9901020 }, "model": "epa:entity/hexed_soul" },

    { "predicate": { "custom_model_data": 9901030 }, "model": "epa:entity/hex" },
    { "predicate": { "custom_model_data": 9901031 }, "model": "epa:entity/hellsent_hex" },


    
    { "predicate": { "custom_model_data": 9905000 }, "model": "epa:gui/runic_enchanter/active" },
    { "predicate": { "custom_model_data": 9905001 }, "model": "epa:gui/runic_enchanter/active_5" },
    { "predicate": { "custom_model_data": 9905002 }, "model": "epa:gui/runic_enchanter/active_10" },
    { "predicate": { "custom_model_data": 9905003 }, "model": "epa:gui/runic_enchanter/active_doubled_5" },
    { "predicate": { "custom_model_data": 9905004 }, "model": "epa:gui/runic_enchanter/active_doubled_10" },
    { "predicate": { "custom_model_data": 9905005 }, "model": "epa:gui/runic_enchanter/active_focus" },
    { "predicate": { "custom_model_data": 9905006 }, "model": "epa:gui/runic_enchanter/active_insufficient" },
    { "predicate": { "custom_model_data": 9905007 }, "model": "epa:gui/runic_enchanter/active_not_found" },

    { "predicate": { "custom_model_data": 9905100 }, "model": "epa:gui/runic_enchanter/button_5" },
    { "predicate": { "custom_model_data": 9905101 }, "model": "epa:gui/runic_enchanter/button_10" },
    { "predicate": { "custom_model_data": 9905102 }, "model": "epa:gui/runic_enchanter/button_20" },

    { "predicate": { "custom_model_data": 9905200 }, "model": "epa:gui/runic_enchanter/focus_bane_of_arthropods" },
    { "predicate": { "custom_model_data": 9905201 }, "model": "epa:gui/runic_enchanter/focus_blast_protection" },
    { "predicate": { "custom_model_data": 9905202 }, "model": "epa:gui/runic_enchanter/focus_depth_strider" },
    { "predicate": { "custom_model_data": 9905203 }, "model": "epa:gui/runic_enchanter/focus_efficiency" },
    { "predicate": { "custom_model_data": 9905204 }, "model": "epa:gui/runic_enchanter/focus_feather_falling" },
    { "predicate": { "custom_model_data": 9905205 }, "model": "epa:gui/runic_enchanter/focus_fire_aspect" },
    { "predicate": { "custom_model_data": 9905206 }, "model": "epa:gui/runic_enchanter/focus_fire_protection" },
    { "predicate": { "custom_model_data": 9905207 }, "model": "epa:gui/runic_enchanter/focus_fortune" },
    { "predicate": { "custom_model_data": 9905208 }, "model": "epa:gui/runic_enchanter/focus_frost_walker" },
    { "predicate": { "custom_model_data": 9905209 }, "model": "epa:gui/runic_enchanter/focus_impaling" },
    { "predicate": { "custom_model_data": 9905210 }, "model": "epa:gui/runic_enchanter/focus_knockback" },
    { "predicate": { "custom_model_data": 9905211 }, "model": "epa:gui/runic_enchanter/focus_looting" },
    { "predicate": { "custom_model_data": 9905212 }, "model": "epa:gui/runic_enchanter/focus_loyalty" },
    { "predicate": { "custom_model_data": 9905213 }, "model": "epa:gui/runic_enchanter/focus_luck_of_the_sea" },
    { "predicate": { "custom_model_data": 9905214 }, "model": "epa:gui/runic_enchanter/focus_lure" },
    { "predicate": { "custom_model_data": 9905215 }, "model": "epa:gui/runic_enchanter/focus_piercing" },
    { "predicate": { "custom_model_data": 9905216 }, "model": "epa:gui/runic_enchanter/focus_power" },
    { "predicate": { "custom_model_data": 9905217 }, "model": "epa:gui/runic_enchanter/focus_projectile_protection" },
    { "predicate": { "custom_model_data": 9905218 }, "model": "epa:gui/runic_enchanter/focus_protection" },
    { "predicate": { "custom_model_data": 9905219 }, "model": "epa:gui/runic_enchanter/focus_punch" },
    { "predicate": { "custom_model_data": 9905220 }, "model": "epa:gui/runic_enchanter/focus_quick_charge" },
    { "predicate": { "custom_model_data": 9905221 }, "model": "epa:gui/runic_enchanter/focus_respiration" },
    { "predicate": { "custom_model_data": 9905222 }, "model": "epa:gui/runic_enchanter/focus_riptide" },
    { "predicate": { "custom_model_data": 9905223 }, "model": "epa:gui/runic_enchanter/focus_sharpness" },
    { "predicate": { "custom_model_data": 9905224 }, "model": "epa:gui/runic_enchanter/focus_smite" },
    { "predicate": { "custom_model_data": 9905225 }, "model": "epa:gui/runic_enchanter/focus_soul_speed" },
    { "predicate": { "custom_model_data": 9905226 }, "model": "epa:gui/runic_enchanter/focus_sweeping" },
    { "predicate": { "custom_model_data": 9905227 }, "model": "epa:gui/runic_enchanter/focus_swift_sneak" },
    { "predicate": { "custom_model_data": 9905228 }, "model": "epa:gui/runic_enchanter/focus_thorns" },
    { "predicate": { "custom_model_data": 9905229 }, "model": "epa:gui/runic_enchanter/focus_unbreaking" }
  ]
}