{
  "parent": "minecraft:item/generated",
  "textures": {
    "layer0": "minecraft:item/barrier"
  },
  "overrides": [
    { "predicate": { "custom_model_data": 9900000 }, "model": "epa:block/loot_pot" },
    { "predicate": { "custom_model_data": 9900001 }, "model": "epa:block/loot_pot_catacombs" },

    { "predicate": { "custom_model_data": 9900010 }, "model": "epa:block/altar" },
    { "predicate": { "custom_model_data": 9900011 }, "model": "epa:block/altar_activated" },

    { "predicate": { "custom_model_data": 9900020 }, "model": "epa:block/runic_enchanter_tome" },


    { "predicate": { "custom_model_data": 9901000 }, "model": "epa:entity/roly_bones" },
    { "predicate": { "custom_model_data": 9901001 }, "model": "epa:entity/roly_bones_moving" },
    { "predicate": { "custom_model_data": 9901002 }, "model": "epa:entity/roly_bones_hurt" },
    { "predicate": { "custom_model_data": 9901003 }, "model": "epa:entity/roly_bones_hurt_moving" },

    { "predicate": { "custom_model_data": 9901010 }, "model": "epa:entity/banshee" },
    { "predicate": { "custom_model_data": 9901011 }, "model": "epa:entity/banshee_hurt" },

    { "predicate": { "custom_model_data": 9901020 }, "model": "epa:entity/hexed_soul" },

    { "predicate": { "custom_model_data": 9901030 }, "model": "epa:entity/hex" },
    { "predicate": { "custom_model_data": 9901031 }, "model": "epa:entity/hellsent_hex" },


    { "predicate": { "custom_model_data": 9909000 }, "model": "epa:empty" }
  ]
}