{
    "values": [
      "minecraft:birch_forest",
      "minecraft:dark_forest",
      "minecraft:forest",
      "minecraft:old_growth_birch_forest",

      {"required": false, "id": "terralith:yosemite_lowlands"},
      {"required": false, "id": "terralith:birch_taiga"},
      {"required": false, "id": "terralith:cloud_forest"},
      {"required": false, "id": "terralith:forested_highlands"},
      {"required": false, "id": "terralith:lush_valley"},
      {"required": false, "id": "terralith:shield"},
      {"required": false, "id": "terralith:shield_clearing"},
      {"required": false, "id": "terralith:temperate_highlands"}
    ]
  }