{
    "pools": [
      {
        "rolls": 1,
        "entries": [
          {
            "type": "minecraft:item",
            "name": "minecraft:structure_block"
          }
        ],
        "functions": [
          {
            "function": "minecraft:set_name",
            "name": {
              "translate": "item.epa.bottled_hex",
              "color": "white",
              "italic": false
            }
          },
          {
            "function": "minecraft:set_nbt",
            "tag": "{CustomModelData:9900020,epa:{id:\"epa:bottled_hex\",gauntletItem:1b}}"
          }
        ]
      }
    ]
  }
  