{
    "pools": [
      {
        "rolls": 1,
        "entries": [
          {
            "type": "minecraft:item",
            "name": "minecraft:carrot_on_a_stick"
          }
        ],
        "functions": [
          {
            "function": "minecraft:set_name",
            "name": {
              "translate": "item.epa.copper_gauntlet",
              "italic": false
            }
          },
          {
            "function": "minecraft:set_lore",
            "lore": [
              {
                "translate": "item.epa.copper_gauntlet.stats.item_count",
                "with": [
                  "0"
                ],
                "color": "gray",
                "italic": false
              },
              {
                "text": " "
              },
              {
                "translate": "item.modifiers.mainhand",
                "color": "gray",
                "italic": false
              },
              {
                "translate": "item.epa.copper_gauntlet.stats.damage",
                "color": "dark_green",
                "italic": false
              },
              {
                "translate": "item.epa.copper_gauntlet.stats.attack_speed",
                "color": "dark_green",
                "italic": false
              }
            ]
          },
          {
            "function": "minecraft:set_nbt",
            "tag": "{epa:{id:\"epa:copper_gauntlet\",items:[]},HideFlags:6,Unbreakable:1b,CustomModelData:9900000,AttributeModifiers:[{AttributeName:\"generic.attack_damage\",Name:\"generic.attack_damage\",Amount:3,Operation:0,UUID:[I;-145438303,780551715,-1909177008,-1038596990],Slot:\"mainhand\"},{AttributeName:\"generic.attack_speed\",Name:\"generic.attack_speed\",Amount:-1,Operation:0,UUID:[I;-583493434,1492993891,-1429172050,1583860453],Slot:\"mainhand\"}]}"
          }
        ]
      }
    ]
  }
  