{
    "pools": [
      {
        "rolls": 1,
        "entries": [
          {
            "type": "minecraft:item",
            "name": "minecraft:carrot_on_a_stick"
          }
        ],
        "functions": [
          {
            "function": "minecraft:set_name",
            "name": {
              "translate": "item.epa.copper_gauntlet",
              "italic": false
            }
          },
          {
            "function": "minecraft:set_nbt",
            "tag": "{epa:{id:\"epa:copper_gauntlet\",items:[]},HideFlags:127,smithed:{hideFlags: {0: 0, 1: 0, 2: 0, 3: 0, 4: 0, 5: 0, 6: 0}, lore: ['{\"italic\":false,\"color\":\"gray\",\"translate\":\"item.epa.copper_gauntlet.stats.item_count\",\"with\":[\"0\"]}'], hasLore: 1b, durability: {max: 512}},CustomModelData:9900000,AttributeModifiers:[{AttributeName:\"generic.attack_damage\",Name:\"generic.attack_damage\",Amount:3,Operation:0,UUID:[I;-145438303,780551715,-1909177008,-1038596990],Slot:\"mainhand\",base:1b},{AttributeName:\"generic.attack_speed\",Name:\"generic.attack_speed\",Amount:-1,Operation:0,UUID:[I;-583493434,1492993891,-1429172050,1583860453],Slot:\"mainhand\",base:1b}],display:{Lore:['{\"italic\":false,\"color\":\"gray\",\"translate\":\"item.epa.copper_gauntlet.stats.item_count\",\"with\":[\"0\"]}', '{\"text\":\"\"}', '{\"translate\":\"item.modifiers.mainhand\",\"italic\": \"false\",\"color\":\"gray\"}', '{\"italic\":false,\"color\":\"dark_green\",\"translate\":\"attribute.modifier.equals.0\",\"with\":[{\"extra\":[{\"text\":\"4\"}],\"text\":\" \"},{\"translate\":\"attribute.name.generic.attack_damage\"}]}', '{\"italic\":false,\"color\":\"dark_green\",\"translate\":\"attribute.modifier.equals.0\",\"with\":[{\"extra\":[{\"text\":\"3\"}],\"text\":\" \"},{\"translate\":\"attribute.name.generic.attack_speed\"}]}']}}"
          }
        ]
      }
    ]
  }
  