{
  "pools": [
    {
      "rolls": 1,
      "entries": [
        {
          "type": "minecraft:item",
          "name": "minecraft:structure_block"
        }
      ],
      "functions": [
        {
          "function": "minecraft:set_name",
          "name": {
            "translate": "item.epa.explorer_map_scraps",
            "color": "white",
            "italic": false
          }
        },
        {
          "function": "set_lore",
          "lore": [
            {
              "translate": "epa.tooltip",
              "with": [
                {
                  "translate": "pack.epa",
                  "color": "#30FF78",
                  "font": "minecraft:default",
                  "italic": true
                }
              ],
              "color": "white",
              "font": "epa:tooltip",
              "italic": false
            }
          ]
        },
        {
          "function": "minecraft:set_nbt",
          "tag": "{CustomModelData:9900040,epa:{id:\"epa:dead_explorer_map_scraps\"}}"
        }
      ]
    }
  ]
}
