{
  "pools": [
    {
      "rolls": 1,
      "entries": [
        {
          "type": "minecraft:item",
          "name": "minecraft:map"
        }
      ],
      "functions": [
        {
          "function": "minecraft:exploration_map",
          "destination": "epa:catacombs_explorer_map",
          "decoration": "red_x",
          "zoom": 2,
          "search_radius": 50,
          "skip_existing_chunks": true
        },
        {
          "function": "minecraft:set_name",
          "name": {
            "translate": "item.epa.explorer_map_catacombs",
            "italic": false
          }
        },
        {
          "function": "set_lore",
          "lore": [
            {
              "translate": "epa.tooltip",
              "with": [
                {
                  "translate": "pack.epa",
                  "color": "#30FF78",
                  "font": "minecraft:default",
                  "italic": true
                }
              ],
              "color": "white",
              "font": "epa:tooltip",
              "italic": false
            }
          ]
        },
        {
          "function": "minecraft:set_nbt",
          "tag": "{CustomModelData:9900000,epa:{id:\"epa:explorer_map\"}}"
        }
      ]
    }
  ]
}
