{
    "pools": [
      {
        "rolls": 1,
        "entries": [
          {
            "type": "minecraft:item",
            "name": "minecraft:structure_block"
          }
        ],
        "functions": [
          {
            "function": "minecraft:set_name",
            "name": {
              "translate": "item.epa.eerie_hand",
              "color": "yellow",
              "italic": false
            }
          },
          {
            "function": "minecraft:set_nbt",
            "tag": "{CustomModelData:9900010,epa:{id:\"epa:eerie_hand\"}}"
          }
        ]
      }
    ]
  }
  