{
    "pools": [
      {
        "rolls": 1,
        "entries": [
          {
            "type": "minecraft:item",
            "name": "minecraft:structure_block"
          }
        ],
        "functions": [
          {
            "function": "minecraft:set_name",
            "name": {
              "translate": "item.epa.focusing_tome",
              "color": "yellow",
              "italic": false
            }
          },
          {
            "function": "set_lore",
            "lore": [
              {
                "translate": "pack.epa",
                "color": "#30FF78",
                "italic": true
              }
            ]
          },
          {
            "function": "minecraft:set_nbt",
            "tag": "{CustomModelData:9900000,epa:{id:\"epa:focusing_tome\",focus:\"\"}}"
          }
        ]
      }
    ]
  }
  