{
  "pools": [
    {
      "rolls": 1,
      "entries": [
        {
          "type": "minecraft:item",
          "name": "minecraft:structure_block",
          "functions": [
            {
              "function": "minecraft:set_lore",
              "lore": [
                {
                  "translate": "enchantment.minecraft.protection",
                  "color": "gray",
                  "font": "alt",
                  "italic": false
                }
              ]
            },
            {
              "function": "minecraft:set_nbt",
              "tag": "{epa:{id:\"epa:focusing_tome\",imbued:true,focus:{id:\"minecraft:protection\"}}}"
            }
          ]
        },
        {
          "type": "minecraft:item",
          "name": "minecraft:structure_block",
          "functions": [
            {
              "function": "minecraft:set_lore",
              "lore": [
                {
                  "translate": "enchantment.minecraft.fire_protection",
                  "color": "gray",
                  "font": "alt",
                  "italic": false
                }
              ]
            },
            {
              "function": "minecraft:set_nbt",
              "tag": "{epa:{id:\"epa:focusing_tome\",imbued:true,focus:{id:\"minecraft:fire_protection\"}}}"
            }
          ]
        },
        {
          "type": "minecraft:item",
          "name": "minecraft:structure_block",
          "functions": [
            {
              "function": "minecraft:set_lore",
              "lore": [
                {
                  "translate": "enchantment.minecraft.feather_falling",
                  "color": "gray",
                  "font": "alt",
                  "italic": false
                }
              ]
            },
            {
              "function": "minecraft:set_nbt",
              "tag": "{epa:{id:\"epa:focusing_tome\",imbued:true,focus:{id:\"minecraft:feather_falling\"}}}"
            }
          ]
        },
        {
          "type": "minecraft:item",
          "name": "minecraft:structure_block",
          "functions": [
            {
              "function": "minecraft:set_lore",
              "lore": [
                {
                  "translate": "enchantment.minecraft.blast_protection",
                  "color": "gray",
                  "font": "alt",
                  "italic": false
                }
              ]
            },
            {
              "function": "minecraft:set_nbt",
              "tag": "{epa:{id:\"epa:focusing_tome\",imbued:true,focus:{id:\"minecraft:blast_protection\"}}}"
            }
          ]
        },
        {
          "type": "minecraft:item",
          "name": "minecraft:structure_block",
          "functions": [
            {
              "function": "minecraft:set_lore",
              "lore": [
                {
                  "translate": "enchantment.minecraft.projectile_protection",
                  "color": "gray",
                  "font": "alt",
                  "italic": false
                }
              ]
            },
            {
              "function": "minecraft:set_nbt",
              "tag": "{epa:{id:\"epa:focusing_tome\",imbued:true,focus:{id:\"minecraft:projectile_protection\"}}}"
            }
          ]
        },
        {
          "type": "minecraft:item",
          "name": "minecraft:structure_block",
          "functions": [
            {
              "function": "minecraft:set_lore",
              "lore": [
                {
                  "translate": "enchantment.minecraft.respiration",
                  "color": "gray",
                  "font": "alt",
                  "italic": false
                }
              ]
            },
            {
              "function": "minecraft:set_nbt",
              "tag": "{epa:{id:\"epa:focusing_tome\",imbued:true,focus:{id:\"minecraft:respiration\"}}}"
            }
          ]
        },
        {
          "type": "minecraft:item",
          "name": "minecraft:structure_block",
          "functions": [
            {
              "function": "minecraft:set_lore",
              "lore": [
                {
                  "translate": "enchantment.minecraft.thorns",
                  "color": "gray",
                  "font": "alt",
                  "italic": false
                }
              ]
            },
            {
              "function": "minecraft:set_nbt",
              "tag": "{epa:{id:\"epa:focusing_tome\",imbued:true,focus:{id:\"minecraft:thorns\"}}}"
            }
          ]
        },
        {
          "type": "minecraft:item",
          "name": "minecraft:structure_block",
          "functions": [
            {
              "function": "minecraft:set_lore",
              "lore": [
                {
                  "translate": "enchantment.minecraft.depth_strider",
                  "color": "gray",
                  "font": "alt",
                  "italic": false
                }
              ]
            },
            {
              "function": "minecraft:set_nbt",
              "tag": "{epa:{id:\"epa:focusing_tome\",imbued:true,focus:{id:\"minecraft:depth_strider\"}}}"
            }
          ]
        },
        {
          "type": "minecraft:item",
          "name": "minecraft:structure_block",
          "functions": [
            {
              "function": "minecraft:set_lore",
              "lore": [
                {
                  "translate": "enchantment.minecraft.frost_walker",
                  "color": "gray",
                  "font": "alt",
                  "italic": false
                }
              ]
            },
            {
              "function": "minecraft:set_nbt",
              "tag": "{epa:{id:\"epa:focusing_tome\",imbued:true,focus:{id:\"minecraft:frost_walker\"}}}"
            }
          ]
        },
        {
          "type": "minecraft:item",
          "name": "minecraft:structure_block",
          "functions": [
            {
              "function": "minecraft:set_lore",
              "lore": [
                {
                  "translate": "enchantment.minecraft.sharpness",
                  "color": "gray",
                  "font": "alt",
                  "italic": false
                }
              ]
            },
            {
              "function": "minecraft:set_nbt",
              "tag": "{epa:{id:\"epa:focusing_tome\",imbued:true,focus:{id:\"minecraft:sharpness\"}}}"
            }
          ]
        },
        {
          "type": "minecraft:item",
          "name": "minecraft:structure_block",
          "functions": [
            {
              "function": "minecraft:set_lore",
              "lore": [
                {
                  "translate": "enchantment.minecraft.smite",
                  "color": "gray",
                  "font": "alt",
                  "italic": false
                }
              ]
            },
            {
              "function": "minecraft:set_nbt",
              "tag": "{epa:{id:\"epa:focusing_tome\",imbued:true,focus:{id:\"minecraft:smite\"}}}"
            }
          ]
        },
        {
          "type": "minecraft:item",
          "name": "minecraft:structure_block",
          "functions": [
            {
              "function": "minecraft:set_lore",
              "lore": [
                {
                  "translate": "enchantment.minecraft.bane_of_arthropods",
                  "color": "gray",
                  "font": "alt",
                  "italic": false
                }
              ]
            },
            {
              "function": "minecraft:set_nbt",
              "tag": "{epa:{id:\"epa:focusing_tome\",imbued:true,focus:{id:\"minecraft:bane_of_arthropods\"}}}"
            }
          ]
        },
        {
          "type": "minecraft:item",
          "name": "minecraft:structure_block",
          "functions": [
            {
              "function": "minecraft:set_lore",
              "lore": [
                {
                  "translate": "enchantment.minecraft.knockback",
                  "color": "gray",
                  "font": "alt",
                  "italic": false
                }
              ]
            },
            {
              "function": "minecraft:set_nbt",
              "tag": "{epa:{id:\"epa:focusing_tome\",imbued:true,focus:{id:\"minecraft:knockback\"}}}"
            }
          ]
        },
        {
          "type": "minecraft:item",
          "name": "minecraft:structure_block",
          "functions": [
            {
              "function": "minecraft:set_lore",
              "lore": [
                {
                  "translate": "enchantment.minecraft.fire_aspect",
                  "color": "gray",
                  "font": "alt",
                  "italic": false
                }
              ]
            },
            {
              "function": "minecraft:set_nbt",
              "tag": "{epa:{id:\"epa:focusing_tome\",imbued:true,focus:{id:\"minecraft:fire_aspect\"}}}"
            }
          ]
        },
        {
          "type": "minecraft:item",
          "name": "minecraft:structure_block",
          "functions": [
            {
              "function": "minecraft:set_lore",
              "lore": [
                {
                  "translate": "enchantment.minecraft.looting",
                  "color": "gray",
                  "font": "alt",
                  "italic": false
                }
              ]
            },
            {
              "function": "minecraft:set_nbt",
              "tag": "{epa:{id:\"epa:focusing_tome\",imbued:true,focus:{id:\"minecraft:looting\"}}}"
            }
          ]
        },
        {
          "type": "minecraft:item",
          "name": "minecraft:structure_block",
          "functions": [
            {
              "function": "minecraft:set_lore",
              "lore": [
                {
                  "translate": "enchantment.minecraft.sweeping",
                  "color": "gray",
                  "font": "alt",
                  "italic": false
                }
              ]
            },
            {
              "function": "minecraft:set_nbt",
              "tag": "{epa:{id:\"epa:focusing_tome\",imbued:true,focus:{id:\"minecraft:sweeping\"}}}"
            }
          ]
        },
        {
          "type": "minecraft:item",
          "name": "minecraft:structure_block",
          "functions": [
            {
              "function": "minecraft:set_lore",
              "lore": [
                {
                  "translate": "enchantment.minecraft.efficiency",
                  "color": "gray",
                  "font": "alt",
                  "italic": false
                }
              ]
            },
            {
              "function": "minecraft:set_nbt",
              "tag": "{epa:{id:\"epa:focusing_tome\",imbued:true,focus:{id:\"minecraft:efficiency\"}}}"
            }
          ]
        },
        {
          "type": "minecraft:item",
          "name": "minecraft:structure_block",
          "functions": [
            {
              "function": "minecraft:set_lore",
              "lore": [
                {
                  "translate": "enchantment.minecraft.unbreaking",
                  "color": "gray",
                  "font": "alt",
                  "italic": false
                }
              ]
            },
            {
              "function": "minecraft:set_nbt",
              "tag": "{epa:{id:\"epa:focusing_tome\",imbued:true,focus:{id:\"minecraft:unbreaking\"}}}"
            }
          ]
        },
        {
          "type": "minecraft:item",
          "name": "minecraft:structure_block",
          "functions": [
            {
              "function": "minecraft:set_lore",
              "lore": [
                {
                  "translate": "enchantment.minecraft.fortune",
                  "color": "gray",
                  "font": "alt",
                  "italic": false
                }
              ]
            },
            {
              "function": "minecraft:set_nbt",
              "tag": "{epa:{id:\"epa:focusing_tome\",imbued:true,focus:{id:\"minecraft:fortune\"}}}"
            }
          ]
        },
        {
          "type": "minecraft:item",
          "name": "minecraft:structure_block",
          "functions": [
            {
              "function": "minecraft:set_lore",
              "lore": [
                {
                  "translate": "enchantment.minecraft.power",
                  "color": "gray",
                  "font": "alt",
                  "italic": false
                }
              ]
            },
            {
              "function": "minecraft:set_nbt",
              "tag": "{epa:{id:\"epa:focusing_tome\",imbued:true,focus:{id:\"minecraft:power\"}}}"
            }
          ]
        },
        {
          "type": "minecraft:item",
          "name": "minecraft:structure_block",
          "functions": [
            {
              "function": "minecraft:set_lore",
              "lore": [
                {
                  "translate": "enchantment.minecraft.punch",
                  "color": "gray",
                  "font": "alt",
                  "italic": false
                }
              ]
            },
            {
              "function": "minecraft:set_nbt",
              "tag": "{epa:{id:\"epa:focusing_tome\",imbued:true,focus:{id:\"minecraft:punch\"}}}"
            }
          ]
        },
        {
          "type": "minecraft:item",
          "name": "minecraft:structure_block",
          "functions": [
            {
              "function": "minecraft:set_lore",
              "lore": [
                {
                  "translate": "enchantment.minecraft.luck_of_the_sea",
                  "color": "gray",
                  "font": "alt",
                  "italic": false
                }
              ]
            },
            {
              "function": "minecraft:set_nbt",
              "tag": "{epa:{id:\"epa:focusing_tome\",imbued:true,focus:{id:\"minecraft:luck_of_the_sea\"}}}"
            }
          ]
        },
        {
          "type": "minecraft:item",
          "name": "minecraft:structure_block",
          "functions": [
            {
              "function": "minecraft:set_lore",
              "lore": [
                {
                  "translate": "enchantment.minecraft.lure",
                  "color": "gray",
                  "font": "alt",
                  "italic": false
                }
              ]
            },
            {
              "function": "minecraft:set_nbt",
              "tag": "{epa:{id:\"epa:focusing_tome\",imbued:true,focus:{id:\"minecraft:lure\"}}}"
            }
          ]
        },
        {
          "type": "minecraft:item",
          "name": "minecraft:structure_block",
          "functions": [
            {
              "function": "minecraft:set_lore",
              "lore": [
                {
                  "translate": "enchantment.minecraft.loyalty",
                  "color": "gray",
                  "font": "alt",
                  "italic": false
                }
              ]
            },
            {
              "function": "minecraft:set_nbt",
              "tag": "{epa:{id:\"epa:focusing_tome\",imbued:true,focus:{id:\"minecraft:loyalty\"}}}"
            }
          ]
        },
        {
          "type": "minecraft:item",
          "name": "minecraft:structure_block",
          "functions": [
            {
              "function": "minecraft:set_lore",
              "lore": [
                {
                  "translate": "enchantment.minecraft.impaling",
                  "color": "gray",
                  "font": "alt",
                  "italic": false
                }
              ]
            },
            {
              "function": "minecraft:set_nbt",
              "tag": "{epa:{id:\"epa:focusing_tome\",imbued:true,focus:{id:\"minecraft:impaling\"}}}"
            }
          ]
        },
        {
          "type": "minecraft:item",
          "name": "minecraft:structure_block",
          "functions": [
            {
              "function": "minecraft:set_lore",
              "lore": [
                {
                  "translate": "enchantment.minecraft.riptide",
                  "color": "gray",
                  "font": "alt",
                  "italic": false
                }
              ]
            },
            {
              "function": "minecraft:set_nbt",
              "tag": "{epa:{id:\"epa:focusing_tome\",imbued:true,focus:{id:\"minecraft:riptide\"}}}"
            }
          ]
        },
        {
          "type": "minecraft:item",
          "name": "minecraft:structure_block",
          "functions": [
            {
              "function": "minecraft:set_lore",
              "lore": [
                {
                  "translate": "enchantment.minecraft.piercing",
                  "color": "gray",
                  "font": "alt",
                  "italic": false
                }
              ]
            },
            {
              "function": "minecraft:set_nbt",
              "tag": "{epa:{id:\"epa:focusing_tome\",imbued:true,focus:{id:\"minecraft:piercing\"}}}"
            }
          ]
        },
        {
          "type": "minecraft:item",
          "name": "minecraft:structure_block",
          "functions": [
            {
              "function": "minecraft:set_lore",
              "lore": [
                {
                  "translate": "enchantment.minecraft.quick_charge",
                  "color": "gray",
                  "font": "alt",
                  "italic": false
                }
              ]
            },
            {
              "function": "minecraft:set_nbt",
              "tag": "{epa:{id:\"epa:focusing_tome\",imbued:true,focus:{id:\"minecraft:quick_charge\"}}}"
            }
          ]
        },
        {
          "type": "minecraft:item",
          "name": "minecraft:structure_block",
          "functions": [
            {
              "function": "minecraft:set_lore",
              "lore": [
                {
                  "translate": "enchantment.minecraft.soul_speed",
                  "color": "gray",
                  "font": "alt",
                  "italic": false
                }
              ]
            },
            {
              "function": "minecraft:set_nbt",
              "tag": "{epa:{id:\"epa:focusing_tome\",imbued:true,focus:{id:\"minecraft:soul_speed\"}}}"
            }
          ]
        },
        {
          "type": "minecraft:item",
          "name": "minecraft:structure_block",
          "functions": [
            {
              "function": "minecraft:set_lore",
              "lore": [
                {
                  "translate": "enchantment.minecraft.swift_sneak",
                  "color": "gray",
                  "font": "alt",
                  "italic": false
                }
              ]
            },
            {
              "function": "minecraft:set_nbt",
              "tag": "{epa:{id:\"epa:focusing_tome\",imbued:true,focus:{id:\"minecraft:swift_sneak\"}}}"
            }
          ]
        }
      ],
      "functions": [
        {
          "function": "minecraft:set_nbt",
          "tag": "{CustomModelData:9900000,Enchantments:[{id:\"minecraft:binding_curse\",lvl:1s}],HideFlags:1}"
        },
        {
          "function": "minecraft:set_name",
          "name": {
            "translate": "item.epa.imbued_focusing_tome",
            "color": "yellow",
            "italic": false
          }
        }
      ]
    }
  ]
}
