{
  "pools": [
    {
      "rolls": 1,
      "entries": [
        {
          "type": "minecraft:item",
          "name": "minecraft:golden_sword"
        }
      ],
      "functions": [
        {
          "function": "minecraft:set_name",
          "name": {
            "translate": "item.epa.runic_dagger",
            "color": "yellow",
            "italic": false
          }
        },
        {
          "function": "minecraft:set_lore",
          "lore": [
            {
              "translate": "item.epa.runic_dagger.lore",
              "color": "green",
              "italic": false
            },
            {
              "text": " "
            },
            {
              "translate": "item.modifiers.mainhand",
              "color": "gray",
              "italic": false
            },
            {
              "translate": "attribute.modifier.equals.0",
              "with": [
                {
                  "text": " ",
                  "extra": [
                    {
                      "text": "6"
                    }
                  ]
                },
                {
                  "translate": "attribute.name.generic.attack_damage"
                }
              ],
              "color": "dark_green",
              "italic": false
            },
            {
              "translate": "attribute.modifier.equals.0",
              "with": [
                {
                  "text": " ",
                  "extra": [
                    {
                      "text": "3"
                    }
                  ]
                },
                {
                  "translate": "attribute.name.generic.attack_speed"
                }
              ],
              "color": "dark_green",
              "italic": false
            },
            {
              "text": " "
            },
            {
              "translate": "epa.tooltip",
              "with": [
                {
                  "translate": "pack.epa",
                  "color": "#30FF78",
                  "font": "minecraft:default",
                  "italic": true
                }
              ],
              "color": "white",
              "font": "epa:tooltip",
              "italic": false
            }
          ]
        },
        {
          "function": "minecraft:set_nbt",
          "tag": "{HideFlags:2,CustomModelData:9900000,epa:{id:\"epa:runic_dagger\"},AttributeModifiers:[{AttributeName:\"generic.attack_damage\",Name:\"generic.attack_damage\",Amount:5,Operation:0,UUID:[I;1399054342,1431718667,-1776132472,-797490035],Slot:\"mainhand\"},{AttributeName:\"generic.attack_speed\",Name:\"generic.attack_speed\",Amount:-1,Operation:0,UUID:[I;359563333,324684119,-1649213747,-1645047100],Slot:\"mainhand\"}]}"
        }
      ]
    }
  ]
}
