{
  "pools": [
    {
      "rolls": 1,
      "entries": [
        {
          "type": "minecraft:item",
          "name": "minecraft:furnace"
        }
      ],
      "functions": [
        {
          "function": "minecraft:set_name",
          "name": {
            "translate": "block.epa.runic_enchanter",
            "color": "yellow",
            "italic": false
          }
        },
        {
          "function": "set_lore",
          "lore": [
            {
              "translate": "epa.tooltip",
              "with": [
                {
                  "translate": "pack.epa",
                  "color": "#30FF78",
                  "font": "minecraft:default",
                  "italic": true
                }
              ],
              "color": "white",
              "font": "epa:tooltip",
              "italic": false
            }
          ]
        },
        {
          "function": "minecraft:set_nbt",
          "tag": "{BlockEntityTag:{Items:[{id:\"minecraft:stone\",Count:1b,tag:{smithed:{block:{id:\"epa:runic_enchanter\"}}}}]},CustomModelData:9900002}"
        }
      ]
    }
  ]
}
